-- MySQL dump 10.16  Distrib 10.2.9-MariaDB, for Win64 (AMD64)
--
-- Host: localhost    Database: themapapp
-- ------------------------------------------------------
-- Server version	10.2.9-MariaDB

/*!40101 SET @OLD_CHARACTER_SET_CLIENT=@@CHARACTER_SET_CLIENT */;
/*!40101 SET @OLD_CHARACTER_SET_RESULTS=@@CHARACTER_SET_RESULTS */;
/*!40101 SET @OLD_COLLATION_CONNECTION=@@COLLATION_CONNECTION */;
/*!40101 SET NAMES utf8 */;
/*!40103 SET @OLD_TIME_ZONE=@@TIME_ZONE */;
/*!40103 SET TIME_ZONE='+00:00' */;
/*!40014 SET @OLD_UNIQUE_CHECKS=@@UNIQUE_CHECKS, UNIQUE_CHECKS=0 */;
/*!40014 SET @OLD_FOREIGN_KEY_CHECKS=@@FOREIGN_KEY_CHECKS, FOREIGN_KEY_CHECKS=0 */;
/*!40101 SET @OLD_SQL_MODE=@@SQL_MODE, SQL_MODE='NO_AUTO_VALUE_ON_ZERO' */;
/*!40111 SET @OLD_SQL_NOTES=@@SQL_NOTES, SQL_NOTES=0 */;

--
-- Table structure for table `area`
--

DROP TABLE IF EXISTS `area`;
/*!40101 SET @saved_cs_client     = @@character_set_client */;
/*!40101 SET character_set_client = utf8 */;
CREATE TABLE `area` (
  `id` smallint(5) unsigned NOT NULL AUTO_INCREMENT,
  `areaname` varchar(50) NOT NULL,
  PRIMARY KEY (`id`),
  UNIQUE KEY `areaname` (`areaname`)
) ENGINE=InnoDB AUTO_INCREMENT=7 DEFAULT CHARSET=latin1;
/*!40101 SET character_set_client = @saved_cs_client */;

--
-- Dumping data for table `area`
--

LOCK TABLES `area` WRITE;
/*!40000 ALTER TABLE `area` DISABLE KEYS */;
INSERT INTO `area` VALUES (3,'sector 123'),(6,'sector 128'),(5,'sector 129'),(1,'sector 132'),(2,'sector 148'),(4,'sector 178');
/*!40000 ALTER TABLE `area` ENABLE KEYS */;
UNLOCK TABLES;

--
-- Table structure for table `category`
--

DROP TABLE IF EXISTS `category`;
/*!40101 SET @saved_cs_client     = @@character_set_client */;
/*!40101 SET character_set_client = utf8 */;
CREATE TABLE `category` (
  `id` smallint(5) unsigned NOT NULL AUTO_INCREMENT,
  `name` varchar(50) NOT NULL,
  PRIMARY KEY (`id`),
  UNIQUE KEY `name` (`name`)
) ENGINE=InnoDB AUTO_INCREMENT=18 DEFAULT CHARSET=latin1;
/*!40101 SET character_set_client = @saved_cs_client */;

--
-- Dumping data for table `category`
--

LOCK TABLES `category` WRITE;
/*!40000 ALTER TABLE `category` DISABLE KEYS */;
INSERT INTO `category` VALUES (1,'beauty palour'),(2,'bike repair'),(3,'book seller'),(4,'dhaba'),(5,'drug store'),(6,'grocer'),(7,'gym'),(8,'pharmacy'),(9,'play school'),(10,'restaurant'),(11,'salon'),(12,'school'),(13,'toy store'),(14,'tyre puncture'),(15,'vegetable vendor');
/*!40000 ALTER TABLE `category` ENABLE KEYS */;
UNLOCK TABLES;

--
-- Table structure for table `est_cat`
--

DROP TABLE IF EXISTS `est_cat`;
/*!40101 SET @saved_cs_client     = @@character_set_client */;
/*!40101 SET character_set_client = utf8 */;
CREATE TABLE `est_cat` (
  `id` smallint(5) unsigned NOT NULL AUTO_INCREMENT,
  `catid` smallint(5) unsigned NOT NULL,
  `estid` smallint(5) unsigned NOT NULL,
  PRIMARY KEY (`id`),
  KEY `catid` (`catid`),
  KEY `estid` (`estid`),
  CONSTRAINT `est_cat_ibfk_1` FOREIGN KEY (`catid`) REFERENCES `category` (`id`),
  CONSTRAINT `est_cat_ibfk_2` FOREIGN KEY (`estid`) REFERENCES `establishment` (`id`)
) ENGINE=InnoDB AUTO_INCREMENT=1630 DEFAULT CHARSET=latin1;
/*!40101 SET character_set_client = @saved_cs_client */;

--
-- Dumping data for table `est_cat`
--

LOCK TABLES `est_cat` WRITE;
/*!40000 ALTER TABLE `est_cat` DISABLE KEYS */;
INSERT INTO `est_cat` VALUES (1,9,1),(2,2,1),(3,12,1),(4,11,2),(5,12,2),(6,13,3),(7,4,4),(8,13,4),(9,7,4),(10,4,5),(11,14,5),(12,6,5),(13,13,6),(14,8,7),(15,3,7),(16,4,7),(17,9,8),(18,9,9),(19,5,10),(20,14,10),(21,15,10),(22,8,11),(23,13,11),(24,14,11),(25,2,12),(26,14,12),(27,6,12),(28,1,13),(29,4,13),(30,14,13),(31,5,14),(32,8,15),(33,10,15),(34,5,15),(35,13,16),(36,14,16),(37,14,17),(38,6,18),(39,9,19),(40,10,20),(41,9,21),(42,2,22),(43,4,22),(44,13,22),(45,13,23),(46,15,23),(47,3,24),(48,4,24),(49,6,24),(50,2,25),(51,1,26),(52,5,26),(53,15,26),(54,12,27),(55,6,27),(56,13,28),(57,8,29),(58,3,29),(59,8,30),(60,11,30),(61,5,30),(62,8,31),(63,2,31),(64,9,32),(65,2,33),(66,3,34),(67,12,34),(68,8,35),(69,11,35),(70,13,35),(71,4,36),(72,15,36),(73,1,37),(74,4,37),(75,15,37),(76,1,38),(77,4,38),(78,5,38),(79,1,39),(80,14,39),(81,15,39),(82,5,40),(83,6,41),(84,14,42),(85,8,43),(86,9,43),(87,5,43),(88,14,44),(89,9,45),(90,10,45),(91,3,46),(92,4,47),(93,10,48),(94,6,49),(95,7,49),(96,2,50),(97,3,51),(98,8,52),(99,4,53),(100,7,53),(101,1,54),(102,14,54),(103,10,55),(104,2,56),(105,2,57),(106,2,58),(107,10,58),(108,3,58),(109,9,59),(110,2,59),(111,10,59),(112,5,60),(113,7,61),(114,12,62),(115,9,63),(116,6,63),(117,4,64),(118,12,65),(119,13,65),(120,6,65),(121,9,66),(122,13,66),(123,1,66),(124,6,67),(125,14,68),(126,9,69),(127,14,69),(128,6,70),(129,1,71),(130,4,71),(131,2,72),(132,15,72),(133,1,73),(134,11,74),(135,7,75),(136,8,76),(137,3,77),(138,8,78),(139,2,78),(140,10,78),(141,15,79),(142,4,80),(143,5,80),(144,15,81),(145,14,82),(146,5,83),(147,12,84),(148,14,84),(149,11,85),(150,7,86),(151,2,87),(152,13,87),(153,4,88),(154,1,89),(155,13,89),(156,1,90),(157,5,91),(158,13,92),(159,15,92),(160,8,93),(161,11,93),(162,12,93),(163,2,94),(164,9,95),(165,4,96),(166,5,96),(167,7,96),(168,5,97),(169,8,98),(170,6,98),(171,8,99),(172,15,99),(173,10,100),(174,10,101),(175,5,102),(176,1,103),(177,15,103),(178,3,104),(179,3,105),(180,12,105),(181,7,105),(182,2,106),(183,15,106),(184,3,107),(185,9,108),(186,13,108),(187,8,109),(188,7,109),(189,7,110),(190,14,111),(191,15,111),(192,9,112),(193,10,112),(194,1,112),(195,3,113),(196,13,113),(197,15,114),(198,10,115),(199,3,115),(200,7,115),(201,11,116),(202,12,116),(203,4,116),(204,14,117),(205,15,118),(206,11,119),(207,3,119),(208,3,120),(209,4,120),(210,1,121),(211,13,122),(212,11,123),(213,6,123),(214,2,124),(215,2,125),(216,1,126),(217,5,126),(218,15,126),(219,2,127),(220,12,128),(221,14,128),(222,10,129),(223,3,130),(224,6,130),(225,7,130),(226,2,131),(227,3,131),(228,12,132),(229,11,133),(230,12,133),(231,15,133),(232,3,134),(233,7,134),(234,2,135),(235,2,136),(236,3,136),(237,1,137),(238,11,138),(239,5,138),(240,8,139),(241,9,140),(242,14,141),(243,2,142),(244,12,142),(245,4,142),(246,11,143),(247,15,143),(248,7,143),(249,12,144),(250,8,145),(251,10,145),(252,7,145),(253,6,146),(254,15,147),(255,8,148),(256,5,148),(257,9,149),(258,11,149),(259,15,149),(260,4,150),(261,5,151),(262,13,151),(263,1,152),(264,10,152),(265,9,153),(266,12,153),(267,1,154),(268,3,155),(269,11,155),(270,12,156),(271,11,157),(272,4,158),(273,6,159),(274,5,160),(275,6,160),(276,6,161),(277,9,162),(278,15,162),(279,10,163),(280,3,163),(281,13,163),(282,1,164),(283,13,164),(284,6,164),(285,7,165),(286,8,166),(287,12,166),(288,15,166),(289,11,167),(290,13,167),(291,3,168),(292,13,169),(293,6,169),(294,15,170),(295,11,171),(296,5,171),(297,6,171),(298,12,172),(299,12,173),(300,15,173),(301,8,174),(302,11,174),(303,9,175),(304,5,175),(305,14,175),(306,11,176),(307,11,177),(308,2,178),(309,10,178),(310,5,178),(311,8,179),(312,7,180),(313,2,181),(314,1,182),(315,4,183),(316,5,183),(317,9,184),(318,15,184),(319,10,185),(320,12,185),(321,7,185),(322,7,186),(323,14,187),(324,1,188),(325,10,188),(326,14,188),(327,7,189),(328,2,190),(329,9,191),(330,12,191),(331,14,191),(332,8,192),(333,6,192),(334,7,192),(335,8,193),(336,15,193),(337,9,194),(338,10,194),(339,4,195),(340,1,196),(341,5,196),(342,13,196),(343,14,197),(344,8,198),(345,4,198),(346,15,198),(347,4,199),(348,1,200),(349,10,200),(350,3,200),(351,1,201),(352,14,202),(353,7,202),(354,12,203),(355,4,203),(356,2,204),(357,1,205),(358,4,205),(359,3,206),(360,11,206),(361,2,207),(362,3,208),(363,6,208),(364,9,209),(365,10,210),(366,3,211),(367,13,211),(368,12,212),(369,12,213),(370,7,213),(371,12,214),(372,3,215),(373,4,215),(374,5,215),(375,14,216),(376,1,217),(377,3,218),(378,1,219),(379,5,219),(380,13,219),(381,7,220),(382,12,221),(383,7,222),(384,2,223),(385,7,223),(386,15,223),(387,9,224),(388,3,224),(389,6,224),(390,6,225),(391,3,226),(392,6,227),(393,6,228),(394,14,228),(395,15,228),(396,13,229),(397,6,229),(398,7,229),(399,6,230),(400,1,231),(401,3,231),(402,15,231),(403,10,232),(404,8,233),(405,4,234),(406,13,234),(407,8,235),(408,13,236),(409,1,237),(410,4,237),(411,12,237),(412,6,238),(413,10,239),(414,12,239),(415,1,240),(416,2,240),(417,10,240),(418,10,241),(419,2,242),(420,12,243),(421,13,243),(422,7,243),(423,5,244),(424,2,245),(425,10,246),(426,2,246),(427,4,246),(428,5,247),(429,1,248),(430,4,249),(431,8,250),(432,10,250),(433,12,251),(434,9,252),(435,13,252),(436,2,253),(437,4,253),(438,8,254),(439,11,255),(440,4,255),(441,15,256),(442,10,257),(443,12,258),(444,2,259),(445,10,259),(446,7,259),(447,2,260),(448,3,260),(449,4,260),(450,9,261),(451,1,262),(452,6,262),(453,10,263),(454,15,263),(455,3,264),(456,12,264),(457,1,265),(458,1,266),(459,4,266),(460,3,267),(461,12,267),(462,7,267),(463,11,268),(464,9,269),(465,12,269),(466,4,269),(467,10,270),(468,14,270),(469,1,271),(470,3,272),(471,11,272),(472,4,272),(473,8,273),(474,7,274),(475,11,275),(476,3,276),(477,12,276),(478,14,276),(479,12,277),(480,12,278),(481,9,279),(482,11,280),(483,4,280),(484,14,280),(485,2,281),(486,12,282),(487,8,283),(488,9,283),(489,4,284),(490,1,285),(491,6,285),(492,9,286),(493,6,286),(494,9,287),(495,7,287),(496,11,288),(497,3,289),(498,13,289),(499,7,289),(500,8,290),(501,5,290),(502,12,291),(503,10,292),(504,6,293),(505,7,294),(506,6,294),(507,15,294),(508,9,295),(509,1,296),(510,2,296),(511,14,296),(512,1,297),(513,10,297),(514,14,297),(515,10,298),(516,4,298),(517,9,299),(518,10,299),(519,1,299),(520,10,300),(521,4,300),(522,7,300),(523,9,301),(524,11,301),(525,5,301),(526,3,302),(527,6,302),(528,8,303),(529,1,304),(530,5,305),(531,12,306),(532,4,306),(533,1,307),(534,3,307),(535,5,307),(536,7,308),(537,12,309),(538,9,310),(539,4,311),(540,13,311),(541,8,312),(542,1,312),(543,11,313),(544,8,314),(545,6,314),(546,12,315),(547,8,316),(548,9,316),(549,7,316),(550,3,317),(551,7,318),(552,8,319),(553,3,320),(554,8,321),(555,10,321),(556,15,321),(557,4,322),(558,5,323),(559,8,324),(560,5,324),(561,9,325),(562,4,326),(563,8,327),(564,13,327),(565,14,327),(566,1,328),(567,2,328),(568,3,328),(569,12,329),(570,6,329),(571,2,330),(572,4,330),(573,14,331),(574,1,332),(575,2,333),(576,11,333),(577,1,334),(578,7,334),(579,5,335),(580,7,336),(581,3,337),(582,6,338),(583,12,339),(584,1,340),(585,10,340),(586,15,341),(587,12,342),(588,1,343),(589,11,343),(590,1,344),(591,6,344),(592,14,344),(593,9,345),(594,15,346),(595,13,347),(596,12,347),(597,4,347),(598,7,348),(599,1,349),(600,3,350),(601,11,350),(602,4,350),(603,14,351),(604,7,351),(605,9,352),(606,1,353),(607,8,354),(608,9,354),(609,13,355),(610,9,356),(611,4,356),(612,13,357),(613,8,358),(614,1,359),(615,2,359),(616,14,359),(617,4,360),(618,13,360),(619,6,360),(620,6,361),(621,9,362),(622,11,363),(623,13,364),(624,14,364),(625,13,365),(626,10,366),(627,3,367),(628,12,367),(629,4,368),(630,10,369),(631,12,369),(632,13,369),(633,10,370),(634,6,370),(635,2,371),(636,9,372),(637,10,372),(638,14,372),(639,2,373),(640,15,374),(641,13,375),(642,2,376),(643,15,376),(644,1,377),(645,11,377),(646,4,377),(647,11,378),(648,3,378),(649,7,378),(650,6,379),(651,10,380),(652,3,380),(653,7,380),(654,4,381),(655,8,382),(656,9,383),(657,1,383),(658,15,383),(659,8,384),(660,9,385),(661,6,386),(662,15,387),(663,9,388),(664,5,388),(665,3,389),(666,10,390),(667,4,390),(668,15,390),(669,8,391),(670,12,391),(671,9,392),(672,10,393),(673,12,393),(674,15,393),(675,9,394),(676,2,394),(677,14,394),(678,9,395),(679,1,395),(680,2,396),(681,2,397),(682,10,397),(683,15,397),(684,3,398),(685,8,399),(686,3,399),(687,8,400),(688,9,400),(689,15,401),(690,4,402),(691,14,402),(692,7,403),(693,10,404),(694,5,404),(695,14,404),(696,8,405),(697,10,405),(698,6,405),(699,1,406),(700,13,406),(701,3,407),(702,4,408),(703,7,408),(704,3,409),(705,8,410),(706,14,410),(707,3,411),(708,3,412),(709,6,412),(710,7,412),(711,12,413),(712,15,414),(713,11,415),(714,10,416),(715,2,417),(716,7,417),(717,6,418),(718,4,419),(719,5,420),(720,4,421),(721,3,422),(722,9,422),(723,11,422),(724,6,423),(725,14,423),(726,15,424),(727,12,425),(728,5,425),(729,4,426),(730,7,426),(731,11,427),(732,7,427),(733,11,428),(734,9,429),(735,5,430),(736,4,431),(737,5,431),(738,6,432),(739,14,433),(740,6,433),(741,8,434),(742,12,434),(743,14,434),(744,4,435),(745,4,436),(746,2,437),(747,13,437),(748,7,437),(749,3,438),(750,1,439),(751,13,439),(752,6,439),(753,3,440),(754,12,440),(755,7,440),(756,4,441),(757,9,442),(758,8,443),(759,1,443),(760,6,443),(761,10,444),(762,14,445),(763,1,446),(764,3,446),(765,10,447),(766,9,448),(767,10,448),(768,3,448),(769,10,449),(770,14,449),(771,7,449),(772,10,450),(773,4,450),(774,6,450),(775,9,451),(776,10,452),(777,11,452),(778,12,452),(779,1,453),(780,11,453),(781,12,453),(782,9,454),(783,2,455),(784,15,455),(785,4,456),(786,5,457),(787,11,458),(788,7,458),(789,2,459),(790,11,459),(791,14,460),(792,10,461),(793,2,461),(794,4,461),(795,11,462),(796,12,462),(797,9,463),(798,3,463),(799,4,463),(800,7,464),(801,2,465),(802,7,465),(803,14,466),(804,8,467),(805,5,468),(806,11,469),(807,6,469),(808,2,470),(809,6,471),(810,8,472),(811,11,472),(812,10,473),(813,13,473),(814,6,473),(815,7,474),(816,8,475),(817,15,476),(818,5,477),(819,1,478),(820,14,479),(821,7,479),(822,1,480),(823,2,480),(824,14,480),(825,8,481),(826,14,481),(827,11,482),(828,6,482),(829,7,482),(830,9,483),(831,6,484),(832,14,484),(833,15,484),(834,12,485),(835,5,485),(836,14,485),(837,4,486),(838,15,487),(839,10,488),(840,4,488),(841,1,489),(842,2,489),(843,12,490),(844,4,490),(845,14,490),(846,14,491),(847,6,491),(848,8,492),(849,12,492),(850,6,493),(851,15,493),(852,14,494),(853,14,495),(854,8,496),(855,2,497),(856,4,498),(857,7,498),(858,12,499),(859,13,500),(860,1,501),(861,10,501),(862,4,501),(863,6,502),(864,2,503),(865,14,503),(866,13,504),(867,2,505),(868,5,505),(869,6,505),(870,3,506),(871,8,507),(872,9,508),(873,12,508),(874,5,508),(875,6,509),(876,11,510),(877,1,511),(878,14,511),(879,9,512),(880,12,512),(881,9,513),(882,10,513),(883,5,513),(884,1,514),(885,3,514),(886,6,514),(887,12,515),(888,4,516),(889,3,517),(890,9,518),(891,13,518),(892,13,519),(893,1,520),(894,5,520),(895,6,521),(896,8,522),(897,1,522),(898,6,522),(899,1,523),(900,4,523),(901,14,523),(902,2,524),(903,3,524),(904,4,524),(905,8,525),(906,10,525),(907,12,525),(908,9,526),(909,11,527),(910,4,527),(911,5,527),(912,1,528),(913,4,528),(914,13,528),(915,6,529),(916,7,529),(917,9,530),(918,13,530),(919,15,530),(920,7,531),(921,11,532),(922,15,532),(923,8,533),(924,3,533),(925,13,533),(926,2,534),(927,11,534),(928,7,535),(929,6,536),(930,8,537),(931,1,537),(932,2,538),(933,15,539),(934,3,540),(935,11,541),(936,1,542),(937,8,543),(938,11,544),(939,4,545),(940,1,546),(941,10,547),(942,4,547),(943,5,547),(944,8,548),(945,6,548),(946,12,549),(947,14,550),(948,4,551),(949,8,552),(950,3,552),(951,1,553),(952,10,554),(953,7,554),(954,6,555),(955,4,556),(956,5,556),(957,7,556),(958,1,557),(959,7,558),(960,1,559),(961,10,559),(962,5,559),(963,11,560),(964,14,560),(965,4,561),(966,13,561),(967,10,562),(968,4,563),(969,2,564),(970,7,564),(971,2,565),(972,13,565),(973,15,565),(974,10,566),(975,13,567),(976,2,568),(977,11,569),(978,7,569),(979,7,570),(980,8,571),(981,9,572),(982,3,572),(983,1,572),(984,2,573),(985,15,574),(986,14,575),(987,7,575),(988,2,576),(989,15,576),(990,10,577),(991,2,578),(992,7,578),(993,6,579),(994,1,580),(995,3,580),(996,10,581),(997,10,582),(998,4,582),(999,15,582),(1000,9,583),(1001,6,583),(1002,12,584),(1003,12,585),(1004,13,585),(1005,15,585),(1006,5,586),(1007,4,586),(1008,13,586),(1009,3,587),(1010,8,588),(1011,2,589),(1012,12,589),(1013,4,590),(1014,14,590),(1015,11,591),(1016,12,591),(1017,14,591),(1018,8,592),(1019,12,592),(1020,9,593),(1021,12,594),(1022,14,594),(1023,14,595),(1024,2,596),(1025,14,596),(1026,7,596),(1027,9,597),(1028,14,597),(1029,1,597),(1030,9,598),(1031,10,598),(1032,15,598),(1033,2,599),(1034,12,599),(1035,14,599),(1036,9,600),(1037,8,601),(1038,1,602),(1039,13,603),(1040,12,604),(1041,5,605),(1042,7,605),(1043,13,606),(1044,1,607),(1045,12,607),(1046,14,608),(1047,10,609),(1048,3,609),(1049,6,609),(1050,15,610),(1051,12,611),(1052,14,612),(1053,8,613),(1054,1,613),(1055,3,613),(1056,11,614),(1057,3,614),(1058,4,614),(1059,8,615),(1060,4,616),(1061,14,617),(1062,6,618),(1063,8,619),(1064,2,619),(1065,8,620),(1066,12,620),(1067,5,620),(1068,9,621),(1069,2,622),(1070,10,622),(1071,11,623),(1072,4,623),(1073,1,624),(1074,10,624),(1075,6,624),(1076,1,625),(1077,7,625),(1078,15,625),(1079,14,626),(1080,1,627),(1081,7,627),(1082,8,628),(1083,5,628),(1084,1,629),(1085,2,630),(1086,13,630),(1087,7,630),(1088,4,631),(1089,5,631),(1090,6,631),(1091,11,632),(1092,6,632),(1093,3,633),(1094,13,633),(1095,15,634),(1096,4,635),(1097,9,636),(1098,12,637),(1099,15,638),(1100,9,639),(1101,10,640),(1102,8,641),(1103,1,641),(1104,7,641),(1105,4,642),(1106,5,643),(1107,4,644),(1108,1,645),(1109,2,645),(1110,8,646),(1111,1,647),(1112,10,647),(1113,8,648),(1114,12,648),(1115,9,649),(1116,1,650),(1117,2,651),(1118,15,651),(1119,11,652),(1120,5,652),(1121,11,653),(1122,12,654),(1123,8,655),(1124,6,655),(1125,7,655),(1126,13,656),(1127,1,657),(1128,4,657),(1129,9,657),(1130,15,658),(1131,3,659),(1132,11,659),(1133,1,660),(1134,13,661),(1135,14,661),(1136,10,662),(1137,7,662),(1138,11,663),(1139,10,664),(1140,5,665),(1141,11,666),(1142,9,667),(1143,5,667),(1144,8,668),(1145,14,668),(1146,13,669),(1147,9,670),(1148,13,670),(1149,12,671),(1150,8,672),(1151,5,672),(1152,6,673),(1153,5,674),(1154,7,674),(1155,10,675),(1156,3,676),(1157,12,676),(1158,14,676),(1159,8,677),(1160,4,677),(1161,12,677),(1162,4,678),(1163,2,679),(1164,8,680),(1165,4,680),(1166,15,680),(1167,12,681),(1168,5,681),(1169,7,681),(1170,9,682),(1171,10,682),(1172,6,682),(1173,5,683),(1174,1,684),(1175,14,684),(1176,15,684),(1177,10,685),(1178,4,685),(1179,9,686),(1180,4,687),(1181,1,688),(1182,4,688),(1183,14,688),(1184,8,689),(1185,13,689),(1186,2,690),(1187,5,690),(1188,8,691),(1189,6,691),(1190,15,691),(1191,5,692),(1192,14,692),(1193,10,693),(1194,4,693),(1195,14,694),(1196,11,695),(1197,12,695),(1198,4,695),(1199,8,696),(1200,13,696),(1201,13,697),(1202,9,698),(1203,3,699),(1204,4,699),(1205,15,699),(1206,8,700),(1207,13,700),(1208,10,701),(1209,11,701),(1210,6,701),(1211,9,702),(1212,10,702),(1213,6,702),(1214,2,703),(1215,6,704),(1216,9,705),(1217,1,706),(1218,11,706),(1219,13,706),(1220,15,707),(1221,12,708),(1222,8,709),(1223,10,709),(1224,12,710),(1225,13,710),(1226,6,710),(1227,15,711),(1228,3,712),(1229,11,712),(1230,6,712),(1231,3,713),(1232,7,713),(1233,11,714),(1234,13,714),(1235,10,715),(1236,10,716),(1237,8,717),(1238,2,717),(1239,1,718),(1240,2,718),(1241,14,718),(1242,10,719),(1243,3,719),(1244,9,720),(1245,2,720),(1246,11,721),(1247,5,722),(1248,9,723),(1249,12,723),(1250,3,724),(1251,10,725),(1252,10,726),(1253,3,726),(1254,4,727),(1255,3,728),(1256,3,729),(1257,5,729),(1258,15,729),(1259,15,730),(1260,2,731),(1261,11,731),(1262,3,732),(1263,5,733),(1264,1,734),(1265,10,734),(1266,3,734),(1267,9,735),(1268,15,735),(1269,12,736),(1270,15,737),(1271,1,738),(1272,13,738),(1273,15,739),(1274,10,740),(1275,15,740),(1276,4,741),(1277,6,741),(1278,13,742),(1279,6,742),(1280,10,743),(1281,13,744),(1282,14,744),(1283,9,745),(1284,5,746),(1285,12,747),(1286,11,748),(1287,2,749),(1288,9,750),(1289,12,750),(1290,11,751),(1291,5,751),(1292,13,752),(1293,4,753),(1294,14,753),(1295,1,754),(1296,2,754),(1297,12,755),(1298,1,756),(1299,10,756),(1300,15,756),(1301,9,757),(1302,9,758),(1303,11,758),(1304,4,758),(1305,1,759),(1306,2,759),(1307,2,760),(1308,11,760),(1309,10,761),(1310,3,761),(1311,6,762),(1312,7,762),(1313,9,763),(1314,10,763),(1315,11,763),(1316,8,764),(1317,15,764),(1318,5,765),(1319,3,766),(1320,4,766),(1321,12,766),(1322,15,767),(1323,10,768),(1324,7,768),(1325,15,769),(1326,12,770),(1327,12,771),(1328,15,771),(1329,4,772),(1330,12,772),(1331,6,772),(1332,13,773),(1333,7,774),(1334,11,775),(1335,2,776),(1336,14,777),(1337,15,777),(1338,5,778),(1339,4,779),(1340,5,779),(1341,5,780),(1342,4,781),(1343,9,782),(1344,11,782),(1345,8,783),(1346,6,784),(1347,11,785),(1348,4,785),(1349,13,785),(1350,3,786),(1351,12,786),(1352,7,786),(1353,7,787),(1354,10,788),(1355,14,788),(1356,14,789),(1357,8,790),(1358,10,790),(1359,14,790),(1360,5,791),(1361,3,791),(1362,13,791),(1363,4,792),(1364,1,793),(1365,12,794),(1366,15,795),(1367,1,796),(1368,9,796),(1369,9,797),(1370,4,797),(1371,5,797),(1372,9,798),(1373,10,798),(1374,1,798),(1375,2,799),(1376,5,799),(1377,8,800),(1378,11,800),(1379,9,801),(1380,6,802),(1381,1,803),(1382,10,804),(1383,8,805),(1384,8,806),(1385,1,807),(1386,10,807),(1387,15,807),(1388,2,808),(1389,12,808),(1390,15,808),(1391,9,809),(1392,1,809),(1393,11,810),(1394,1,811),(1395,6,812),(1396,5,813),(1397,2,814),(1398,11,814),(1399,5,814),(1400,7,815),(1401,3,816),(1402,2,816),(1403,11,816),(1404,9,817),(1405,2,818),(1406,10,818),(1407,12,819),(1408,13,819),(1409,2,820),(1410,1,821),(1411,13,821),(1412,15,821),(1413,13,822),(1414,5,822),(1415,9,823),(1416,9,824),(1417,6,825),(1418,11,826),(1419,13,827),(1420,3,828),(1421,13,829),(1422,1,830),(1423,1,831),(1424,4,831),(1425,7,831),(1426,15,832),(1427,14,833),(1428,10,834),(1429,3,835),(1430,4,835),(1431,7,835),(1432,10,836),(1433,6,836),(1434,15,837),(1435,4,838),(1436,15,839),(1437,11,840),(1438,5,840),(1439,9,841),(1440,4,841),(1441,5,841),(1442,3,842),(1443,6,843),(1444,7,843),(1445,10,844),(1446,12,844),(1447,13,844),(1448,8,845),(1449,10,845),(1450,6,845),(1451,8,846),(1452,9,847),(1453,4,848),(1454,10,849),(1455,12,850),(1456,13,850),(1457,7,850),(1458,8,851),(1459,5,851),(1460,11,852),(1461,6,852),(1462,1,853),(1463,11,853),(1464,12,853),(1465,6,854),(1466,10,855),(1467,14,855),(1468,15,855),(1469,7,856),(1470,6,856),(1471,15,856),(1472,3,857),(1473,7,857),(1474,12,858),(1475,13,858),(1476,15,858),(1477,9,859),(1478,14,860),(1479,15,860),(1480,7,861),(1481,4,861),(1482,15,861),(1483,1,862),(1484,7,863),(1485,3,864),(1486,9,865),(1487,7,865),(1488,5,866),(1489,15,867),(1490,1,868),(1491,9,869),(1492,3,869),(1493,6,869),(1494,9,870),(1495,13,871),(1496,11,872),(1497,10,873),(1498,11,873),(1499,12,873),(1500,11,874),(1501,15,875),(1502,13,876),(1503,4,877),(1504,15,878),(1505,3,879),(1506,13,879),(1507,4,880),(1508,9,881),(1509,3,881),(1510,14,882),(1511,2,883),(1512,9,884),(1513,11,884),(1514,13,884),(1515,10,885),(1516,4,885),(1517,9,886),(1518,10,886),(1519,4,886),(1520,1,887),(1521,8,888),(1522,4,889),(1523,2,890),(1524,6,890),(1525,10,891),(1526,13,891),(1527,1,892),(1528,9,893),(1529,2,893),(1530,3,894),(1531,12,894),(1532,8,895),(1533,13,896),(1534,2,897),(1535,1,898),(1536,7,899),(1537,13,900),(1538,12,901),(1539,10,902),(1540,4,902),(1541,14,902),(1542,8,903),(1543,11,903),(1544,3,904),(1545,3,905),(1546,9,906),(1547,12,907),(1548,14,907),(1549,15,907),(1550,8,908),(1551,5,909),(1552,13,909),(1553,11,910),(1554,5,911),(1555,4,912),(1556,9,913),(1557,2,913),(1558,6,913),(1559,13,914),(1560,5,914),(1561,1,915),(1562,3,916),(1563,15,917),(1564,1,918),(1565,13,918),(1566,6,918),(1567,11,919),(1568,4,919),(1569,2,920),(1570,11,920),(1571,5,921),(1572,13,922),(1573,6,922),(1574,7,923),(1575,1,924),(1576,14,925),(1577,4,926),(1578,11,927),(1579,14,927),(1580,7,927),(1581,3,928),(1582,12,928),(1583,2,929),(1584,14,929),(1585,8,930),(1586,5,931),(1587,4,931),(1588,13,931),(1589,7,932),(1590,11,933),(1591,13,933),(1592,1,934),(1593,12,934),(1594,9,935),(1595,13,936),(1596,2,937),(1597,4,938),(1598,9,939),(1599,3,940),(1600,14,940),(1601,6,940),(1602,9,941),(1603,1,941),(1604,15,941),(1605,11,942),(1606,3,942),(1607,15,942),(1608,13,943),(1609,14,943),(1610,3,944),(1611,4,944),(1612,1,945),(1613,4,946),(1614,5,946),(1615,7,946),(1616,7,947),(1617,5,948),(1618,2,949),(1619,6,949),(1620,1,950),(1621,2,950),(1622,3,950),(1623,15,951),(1624,11,952),(1625,9,952),(1626,3,952),(1627,11,953),(1628,15,953),(1629,12,954);
/*!40000 ALTER TABLE `est_cat` ENABLE KEYS */;
UNLOCK TABLES;

--
-- Table structure for table `establishment`
--

DROP TABLE IF EXISTS `establishment`;
/*!40101 SET @saved_cs_client     = @@character_set_client */;
/*!40101 SET character_set_client = utf8 */;
CREATE TABLE `establishment` (
  `id` smallint(5) unsigned NOT NULL AUTO_INCREMENT,
  `name` varchar(100) NOT NULL,
  `address` varchar(50) NOT NULL,
  `phone` varchar(20) DEFAULT NULL,
  `areaid` smallint(5) unsigned NOT NULL,
  PRIMARY KEY (`id`)
) ENGINE=InnoDB AUTO_INCREMENT=955 DEFAULT CHARSET=latin1;
/*!40101 SET character_set_client = @saved_cs_client */;

--
-- Dumping data for table `establishment`
--

LOCK TABLES `establishment` WRITE;
/*!40000 ALTER TABLE `establishment` DISABLE KEYS */;
INSERT INTO `establishment` VALUES (1,'ABAN [play school;bike repair;school; - sector 123]','sector 123','9407623456',3),(2,'ACE [salon;school; - sector 123]','sector 123','9573942295',3),(3,'ADANIENT [toy store; - sector 123]','sector 123','8530797005',3),(4,'ADANIGREEN [dhaba;toy store;gym; - sector 123]','sector 123','8246329599',3),(5,'ADROITINFO [dhaba;tyre puncture;grocer; - sector 123]','sector 123','7097122138',3),(6,'AGARIND [toy store; - sector 123]','sector 123','8809342623',3),(7,'AGLSL [pharmacy;book seller;dhaba; - sector 123]','sector 123','7086371331',3),(8,'AIFL [play school; - sector 123]','sector 123','8588477865',3),(9,'AJANTPHARM [play school; - sector 123]','sector 123','9390505932',3),(10,'AJMERA [drug store;tyre puncture;vegetable vendor; - sector 123]','sector 123','7766139262',3),(11,'AKSHOPTFBR [pharmacy;toy store;tyre puncture; - sector 123]','sector 123','8430208154',3),(12,'ALANKIT [bike repair;tyre puncture;grocer; - sector 123]','sector 123','7258253898',3),(13,'ALLSEC [beauty palour;dhaba;tyre puncture; - sector 123]','sector 123','8378673566',3),(14,'AMBUJACEM [drug store; - sector 123]','sector 123','7894740314',3),(15,'ANDHRSUGAR [pharmacy;restaurant;drug store; - sector 123]','sector 123','8777559668',3),(16,'ANKITMETAL [toy store;tyre puncture; - sector 123]','sector 123','8228865584',3),(17,'APOLLO [tyre puncture; - sector 123]','sector 123','8251355532',3),(18,'APOLLOTYRE [grocer; - sector 123]','sector 123','8492190376',3),(19,'APOLSINHOT [play school; - sector 123]','sector 123','8276092354',3),(20,'ARIES [restaurant; - sector 123]','sector 123','9166438222',3),(21,'ARMANFIN [play school; - sector 123]','sector 123','7563350487',3),(22,'ASAL [bike repair;dhaba;toy store; - sector 123]','sector 123','9286492111',3),(23,'ASHOKLEY [toy store;vegetable vendor; - sector 123]','sector 123','8074585207',3),(24,'ASTEC [book seller;dhaba;grocer; - sector 123]','sector 123','7755583126',3),(25,'ASTERDM [bike repair; - sector 123]','sector 123','9796495544',3),(26,'ASTRAZEN [beauty palour;drug store;vegetable vendor; - sector 123]','sector 123','9623546800',3),(27,'ATLANTA [school;grocer; - sector 123]','sector 123','8047611124',3),(28,'AUTOIND [toy store; - sector 123]','sector 123','8617683154',3),(29,'AUTOLITIND [pharmacy;book seller; - sector 123]','sector 123','7221404971',3),(30,'AVANTIFEED [pharmacy;salon;drug store; - sector 123]','sector 123','9843400310',3),(31,'AXISNIFTY [pharmacy;bike repair; - sector 123]','sector 123','9683747736',3),(32,'BAJAJHLDNG [play school; - sector 123]','sector 123','7377448167',3),(33,'BALAMINES [bike repair; - sector 123]','sector 123','7573059966',3),(34,'BALRAMCHIN [book seller;school; - sector 123]','sector 123','7455636269',3),(35,'BANKA [pharmacy;salon;toy store; - sector 123]','sector 123','9476838365',3),(36,'BASML [dhaba;vegetable vendor; - sector 123]','sector 123','8221047117',3),(37,'BCONCEPTS [beauty palour;dhaba;vegetable vendor; - sector 123]','sector 123','7969944356',3),(38,'BEARDSELL [beauty palour;dhaba;drug store; - sector 123]','sector 123','7199519234',3),(39,'BGLOBAL [beauty palour;tyre puncture;vegetable vendor; - sector 123]','sector 123','8403036325',3),(40,'BHARATIDIL [drug store; - sector 123]','sector 123','8473282800',3),(41,'BINANIIND [grocer; - sector 123]','sector 123','8616772515',3),(42,'BLKASHYAP [tyre puncture; - sector 123]','sector 123','9970914870',3),(43,'BLS [pharmacy;play school;drug store; - sector 123]','sector 123','9783434607',3),(44,'BOHRA [tyre puncture; - sector 123]','sector 123','7985870482',3),(45,'BOSCHLTD [play school;restaurant; - sector 123]','sector 123','9465243538',3),(46,'BRFL [book seller; - sector 123]','sector 123','8649599564',3),(47,'BSLGOLDETF [dhaba; - sector 123]','sector 123','7872467159',3),(48,'BYKE [restaurant; - sector 123]','sector 123','8543652355',3),(49,'CANTABIL [grocer;gym; - sector 123]','sector 123','9746248655',3),(50,'CAPACITE [bike repair; - sector 123]','sector 123','8143165084',3),(51,'CAPF [book seller; - sector 123]','sector 123','8434006523',3),(52,'CAREERP [pharmacy; - sector 123]','sector 123','7354929192',3),(53,'CEATLTD [dhaba;gym; - sector 123]','sector 123','9377729675',3),(54,'CENTRUM [beauty palour;tyre puncture; - sector 123]','sector 123','8468046221',3),(55,'CENTURYTEX [restaurant; - sector 123]','sector 123','9914747045',3),(56,'CHOLAFIN [bike repair; - sector 123]','sector 123','7211649413',3),(57,'CLNINDIA [bike repair; - sector 123]','sector 123','9118875185',3),(58,'CONCOR [bike repair;restaurant;book seller; - sector 123]','sector 123','7292397598',3),(59,'COX&KINGS [play school;bike repair;restaurant; - sector 123]','sector 123','9683335224',3),(60,'CREDITACC [drug store; - sector 123]','sector 123','9407920080',3),(61,'CUBEXTUB [gym; - sector 123]','sector 123','9941388899',3),(62,'CYBERMEDIA [school; - sector 123]','sector 123','8381669159',3),(63,'DAAWAT [play school;grocer; - sector 123]','sector 123','8747094206',3),(64,'DALMIABHA [dhaba; - sector 123]','sector 123','9982754434',3),(65,'DANGEE [school;toy store;grocer; - sector 123]','sector 123','7564652026',3),(66,'DCM [play school;toy store;beauty palour; - sector 123]','sector 123','9184344450',3),(67,'DEEPAKNTR [grocer; - sector 123]','sector 123','7768389841',3),(68,'DENORA [tyre puncture; - sector 123]','sector 123','9260097221',3),(69,'DHFL [play school;tyre puncture; - sector 123]','sector 123','8518622639',3),(70,'DHFL [grocer; - sector 123]','sector 123','8007912206',3),(71,'DHFL [beauty palour;dhaba; - sector 123]','sector 123','9067541665',3),(72,'DHFL [bike repair;vegetable vendor; - sector 123]','sector 123','7469064584',3),(73,'DHFL [beauty palour; - sector 123]','sector 123','8986064421',3),(74,'DISHTV [salon; - sector 123]','sector 123','8907213364',3),(75,'DONEAR [gym; - sector 123]','sector 123','9804759250',3),(76,'DUCON [pharmacy; - sector 123]','sector 123','8337845767',3),(77,'ECEIND [book seller; - sector 123]','sector 123','8058846832',3),(78,'ECLFINANCE [pharmacy;bike repair;restaurant; - sector 123]','sector 123','7795781213',3),(79,'ECLFINANCE [vegetable vendor; - sector 123]','sector 123','8190804379',3),(80,'EDUCOMP [dhaba;drug store; - sector 123]','sector 123','9437161186',3),(81,'EIMCOELECO [vegetable vendor; - sector 123]','sector 123','9159817904',3),(82,'ELECTCAST [tyre puncture; - sector 123]','sector 123','9847821049',3),(83,'EMAMILTD [drug store; - sector 123]','sector 123','9715224371',3),(84,'ENGINERSIN [school;tyre puncture; - sector 123]','sector 123','8093850482',3),(85,'ERFLNCDI [salon; - sector 123]','sector 123','7865029502',3),(86,'ESSDEE [gym; - sector 123]','sector 123','7825407108',3),(87,'EVEREADY [bike repair;toy store; - sector 123]','sector 123','7550966460',3),(88,'FAIRCHEM [dhaba; - sector 123]','sector 123','8669469421',3),(89,'FCSSOFT [beauty palour;toy store; - sector 123]','sector 123','8580364082',3),(90,'FILATEX [beauty palour; - sector 123]','sector 123','8245979560',3),(91,'FOSECOIND [drug store; - sector 123]','sector 123','9427366741',3),(92,'GAIL [toy store;vegetable vendor; - sector 123]','sector 123','9262223360',3),(93,'GAL [pharmacy;salon;school; - sector 123]','sector 123','7548123841',3),(94,'GAMMNINFRA [bike repair; - sector 123]','sector 123','8846605511',3),(95,'GANECOS [play school; - sector 123]','sector 123','7664084477',3),(96,'GANESHHOUC [dhaba;drug store;gym; - sector 123]','sector 123','8495890467',3),(97,'GARFIBRES [drug store; - sector 123]','sector 123','9353147771',3),(98,'GENUSPOWER [pharmacy;grocer; - sector 123]','sector 123','7099492966',3),(99,'GEOJITFSL [pharmacy;vegetable vendor; - sector 123]','sector 123','7987696823',3),(100,'GIPCL [restaurant; - sector 123]','sector 123','8195803331',3),(101,'GLOBAL [restaurant; - sector 123]','sector 123','7404361897',3),(102,'GNA [drug store; - sector 123]','sector 123','7653711884',3),(103,'GODREJIND [beauty palour;vegetable vendor; - sector 123]','sector 123','7583226515',3),(104,'GOLDENTOBC [book seller; - sector 123]','sector 123','9050564040',3),(105,'GRANULES [book seller;school;gym; - sector 123]','sector 123','7590076733',3),(106,'GRAVITA [bike repair;vegetable vendor; - sector 123]','sector 123','8721540125',3),(107,'GRETEX [book seller; - sector 123]','sector 123','9336720035',3),(108,'GRPLTD [play school;toy store; - sector 123]','sector 123','9354366129',3),(109,'GTL [pharmacy;gym; - sector 123]','sector 123','9791846715',3),(110,'GTNTEX [gym; - sector 123]','sector 123','9062356691',3),(111,'GULFPETRO [tyre puncture;vegetable vendor; - sector 123]','sector 123','7134819286',3),(112,'HATHWAY [play school;restaurant;beauty palour; - sector 123]','sector 123','8482579498',3),(113,'HCLTECH [book seller;toy store; - sector 123]','sector 123','7844833441',3),(114,'HDFCMFGETF [vegetable vendor; - sector 123]','sector 123','9022467910',3),(115,'HERCULES [restaurant;book seller;gym; - sector 123]','sector 123','7884376916',3),(116,'HHOF1140RD [salon;school;dhaba; - sector 123]','sector 123','9863100787',3),(117,'HILTON [tyre puncture; - sector 123]','sector 123','9407540204',3),(118,'HINDCOMPOS [vegetable vendor; - sector 123]','sector 123','9995544588',3),(119,'HISARMETAL [salon;book seller; - sector 123]','sector 123','8707727358',3),(120,'HOVS [book seller;dhaba; - sector 123]','sector 123','9679082874',3),(121,'HUBTOWN [beauty palour; - sector 123]','sector 123','7647099829',3),(122,'IBULHSGFIN [toy store; - sector 123]','sector 123','9962383849',3),(123,'IBVENTURES [salon;grocer; - sector 123]','sector 123','8597998141',3),(124,'ICEMAKE [bike repair; - sector 123]','sector 123','9272863817',3),(125,'ICICIGOLD [bike repair; - sector 123]','sector 123','9796854530',3),(126,'ICICISENSX [beauty palour;drug store;vegetable vendor; - sector 123]','sector 123','9449899503',3),(127,'IDBI [bike repair; - sector 123]','sector 123','9304056674',3),(128,'IDFCBANK [school;tyre puncture; - sector 123]','sector 123','8263138816',3),(129,'IDFCBANK [restaurant; - sector 123]','sector 123','8504087467',3),(130,'IDFCBANK [book seller;grocer;gym; - sector 123]','sector 123','7177152388',3),(131,'IFBAGRO [bike repair;book seller; - sector 123]','sector 123','7522269023',3),(132,'IGPL [school; - sector 123]','sector 123','9079550860',3),(133,'IL&FSTRANS [salon;school;vegetable vendor; - sector 123]','sector 123','9939231108',3),(134,'INDIACEM [book seller;gym; - sector 123]','sector 123','7508415738',3),(135,'INDOCO [bike repair; - sector 123]','sector 123','7325351586',3),(136,'INDOTECH [bike repair;book seller; - sector 123]','sector 123','8048735622',3),(137,'INDSWFTLTD [beauty palour; - sector 123]','sector 123','9171721113',3),(138,'INDTERRAIN [salon;drug store; - sector 123]','sector 123','9264387801',3),(139,'INEOSSTYRO [pharmacy; - sector 123]','sector 123','7984944301',3),(140,'INFINITE [play school; - sector 123]','sector 123','8638013165',3),(141,'INFRATEL [tyre puncture; - sector 123]','sector 123','8407807183',3),(142,'INSECTICID [bike repair;school;dhaba; - sector 123]','sector 123','8355080468',3),(143,'INTENTECH [salon;vegetable vendor;gym; - sector 123]','sector 123','7607161710',3),(144,'IPAPPM [school; - sector 123]','sector 123','7840357173',3),(145,'IRFC [pharmacy;restaurant;gym; - sector 123]','sector 123','7249532198',3),(146,'IRFC [grocer; - sector 123]','sector 123','8641476055',3),(147,'ITI [vegetable vendor; - sector 123]','sector 123','9328968867',3),(148,'IZMO [pharmacy;drug store; - sector 123]','sector 123','7702264834',3),(149,'JAMNAAUTO [play school;salon;vegetable vendor; - sector 123]','sector 123','8555005256',3),(150,'JBMA [dhaba; - sector 123]','sector 123','7597453834',3),(151,'JETAIRWAYS [drug store;toy store; - sector 123]','sector 123','9448835249',3),(152,'JHS [beauty palour;restaurant; - sector 123]','sector 123','9130278292',3),(153,'JINDALPHOT [play school;school; - sector 123]','sector 123','9258119030',3),(154,'JINDWORLD [beauty palour; - sector 123]','sector 123','8601891651',3),(155,'JMCPROJECT [book seller;salon; - sector 123]','sector 123','7136702696',3),(156,'JPOLYINVST [school; - sector 123]','sector 123','8166275292',3),(157,'JPPOWER [salon; - sector 123]','sector 123','8198237813',3),(158,'JTEKTINDIA [dhaba; - sector 123]','sector 123','7965443057',3),(159,'JYOTHYLAB [grocer; - sector 123]','sector 123','8715458653',3),(160,'ABAN [drug store;grocer; - sector 128]','sector 128','7440788302',6),(161,'ACE [grocer; - sector 128]','sector 128','7109210387',6),(162,'ADANIENT [play school;vegetable vendor; - sector 128]','sector 128','8848825576',6),(163,'ADANIGREEN [restaurant;book seller;toy store; - sector 128]','sector 128','7771619536',6),(164,'ADROITINFO [beauty palour;toy store;grocer; - sector 128]','sector 128','7477653031',6),(165,'AGARIND [gym; - sector 128]','sector 128','7606500596',6),(166,'AGLSL [pharmacy;school;vegetable vendor; - sector 128]','sector 128','8618210655',6),(167,'AIFL [salon;toy store; - sector 128]','sector 128','9753095012',6),(168,'AJANTPHARM [book seller; - sector 128]','sector 128','7059174425',6),(169,'AJMERA [toy store;grocer; - sector 128]','sector 128','8885708683',6),(170,'AKSHOPTFBR [vegetable vendor; - sector 128]','sector 128','7696323403',6),(171,'ALANKIT [salon;drug store;grocer; - sector 128]','sector 128','9531112038',6),(172,'ALLSEC [school; - sector 128]','sector 128','8464051928',6),(173,'AMBUJACEM [school;vegetable vendor; - sector 128]','sector 128','8054293772',6),(174,'ANDHRSUGAR [pharmacy;salon; - sector 128]','sector 128','9744661594',6),(175,'ANKITMETAL [play school;drug store;tyre puncture; - sector 128]','sector 128','7616187477',6),(176,'APOLLO [salon; - sector 128]','sector 128','8133418383',6),(177,'APOLLOTYRE [salon; - sector 128]','sector 128','7507922950',6),(178,'APOLSINHOT [bike repair;restaurant;drug store; - sector 128]','sector 128','9041586216',6),(179,'ARIES [pharmacy; - sector 128]','sector 128','7301160535',6),(180,'ARMANFIN [gym; - sector 128]','sector 128','9981096311',6),(181,'ASAL [bike repair; - sector 128]','sector 128','9396784631',6),(182,'ASHOKLEY [beauty palour; - sector 128]','sector 128','7322311570',6),(183,'ASTEC [dhaba;drug store; - sector 128]','sector 128','8690011620',6),(184,'ASTERDM [play school;vegetable vendor; - sector 128]','sector 128','8585042377',6),(185,'ASTRAZEN [restaurant;school;gym; - sector 128]','sector 128','8166723873',6),(186,'ATLANTA [gym; - sector 128]','sector 128','7739114763',6),(187,'AUTOIND [tyre puncture; - sector 128]','sector 128','8382661877',6),(188,'AUTOLITIND [beauty palour;restaurant;tyre puncture; - sector 128]','sector 128','7255879083',6),(189,'AVANTIFEED [gym; - sector 128]','sector 128','7403073731',6),(190,'AXISNIFTY [bike repair; - sector 128]','sector 128','7576683739',6),(191,'BAJAJHLDNG [play school;school;tyre puncture; - sector 128]','sector 128','7891616106',6),(192,'BALAMINES [pharmacy;grocer;gym; - sector 128]','sector 128','8329885768',6),(193,'BALRAMCHIN [pharmacy;vegetable vendor; - sector 128]','sector 128','8198867888',6),(194,'BANKA [play school;restaurant; - sector 128]','sector 128','8771091898',6),(195,'BASML [dhaba; - sector 128]','sector 128','8397140376',6),(196,'BCONCEPTS [beauty palour;drug store;toy store; - sector 128]','sector 128','9209608963',6),(197,'BEARDSELL [tyre puncture; - sector 128]','sector 128','7144455180',6),(198,'BGLOBAL [pharmacy;dhaba;vegetable vendor; - sector 128]','sector 128','7440090941',6),(199,'BHARATIDIL [dhaba; - sector 128]','sector 128','8115453097',6),(200,'BINANIIND [beauty palour;restaurant;book seller; - sector 128]','sector 128','8298954432',6),(201,'BLKASHYAP [beauty palour; - sector 128]','sector 128','9641891576',6),(202,'BLS [tyre puncture;gym; - sector 128]','sector 128','9880591663',6),(203,'BOHRA [school;dhaba; - sector 128]','sector 128','8436434663',6),(204,'BOSCHLTD [bike repair; - sector 128]','sector 128','8616378217',6),(205,'BRFL [beauty palour;dhaba; - sector 128]','sector 128','9929459188',6),(206,'BSLGOLDETF [book seller;salon; - sector 128]','sector 128','7882386901',6),(207,'BYKE [bike repair; - sector 128]','sector 128','9946262330',6),(208,'CANTABIL [book seller;grocer; - sector 128]','sector 128','7071728426',6),(209,'CAPACITE [play school; - sector 128]','sector 128','8888839692',6),(210,'CAPF [restaurant; - sector 128]','sector 128','8982116422',6),(211,'CAREERP [book seller;toy store; - sector 128]','sector 128','8307494228',6),(212,'CEATLTD [school; - sector 128]','sector 128','7781421799',6),(213,'CENTRUM [school;gym; - sector 128]','sector 128','8447702336',6),(214,'CENTURYTEX [school; - sector 128]','sector 128','9159122491',6),(215,'CHOLAFIN [book seller;dhaba;drug store; - sector 128]','sector 128','8481391943',6),(216,'CLNINDIA [tyre puncture; - sector 128]','sector 128','8039412034',6),(217,'CONCOR [beauty palour; - sector 128]','sector 128','9064099321',6),(218,'COX&KINGS [book seller; - sector 128]','sector 128','9763653787',6),(219,'CREDITACC [beauty palour;drug store;toy store; - sector 128]','sector 128','8137034772',6),(220,'CUBEXTUB [gym; - sector 128]','sector 128','8611286982',6),(221,'CYBERMEDIA [school; - sector 128]','sector 128','7893333833',6),(222,'DAAWAT [gym; - sector 128]','sector 128','7858403061',6),(223,'DALMIABHA [bike repair;gym;vegetable vendor; - sector 128]','sector 128','9980713264',6),(224,'DANGEE [play school;book seller;grocer; - sector 128]','sector 128','7695546660',6),(225,'DCM [grocer; - sector 128]','sector 128','9453291288',6),(226,'DEEPAKNTR [book seller; - sector 128]','sector 128','9945664606',6),(227,'DENORA [grocer; - sector 128]','sector 128','8111001333',6),(228,'DHFL [grocer;tyre puncture;vegetable vendor; - sector 128]','sector 128','8850368180',6),(229,'DHFL [toy store;grocer;gym; - sector 128]','sector 128','7045870121',6),(230,'DHFL [grocer; - sector 128]','sector 128','7027093555',6),(231,'DHFL [beauty palour;book seller;vegetable vendor; - sector 128]','sector 128','9581794125',6),(232,'DHFL [restaurant; - sector 128]','sector 128','9126929170',6),(233,'DISHTV [pharmacy; - sector 128]','sector 128','7812901375',6),(234,'DONEAR [dhaba;toy store; - sector 128]','sector 128','7215371242',6),(235,'DUCON [pharmacy; - sector 128]','sector 128','9111985734',6),(236,'ECEIND [toy store; - sector 128]','sector 128','9600180376',6),(237,'ECLFINANCE [beauty palour;dhaba;school; - sector 128]','sector 128','9253025457',6),(238,'ECLFINANCE [grocer; - sector 128]','sector 128','8802174772',6),(239,'EDUCOMP [restaurant;school; - sector 128]','sector 128','8020013594',6),(240,'EIMCOELECO [beauty palour;bike repair;restaurant; - sector 128]','sector 128','9991165311',6),(241,'ELECTCAST [restaurant; - sector 128]','sector 128','8972136109',6),(242,'EMAMILTD [bike repair; - sector 128]','sector 128','7563428352',6),(243,'ENGINERSIN [school;toy store;gym; - sector 128]','sector 128','8244634435',6),(244,'ERFLNCDI [drug store; - sector 128]','sector 128','7113168007',6),(245,'ESSDEE [bike repair; - sector 128]','sector 128','7895965046',6),(246,'EVEREADY [restaurant;bike repair;dhaba; - sector 128]','sector 128','8692429932',6),(247,'FAIRCHEM [drug store; - sector 128]','sector 128','7041046280',6),(248,'FCSSOFT [beauty palour; - sector 128]','sector 128','7595770338',6),(249,'FILATEX [dhaba; - sector 128]','sector 128','7685438194',6),(250,'FOSECOIND [pharmacy;restaurant; - sector 128]','sector 128','8524770415',6),(251,'GAIL [school; - sector 128]','sector 128','9859402542',6),(252,'GAL [play school;toy store; - sector 128]','sector 128','8562750314',6),(253,'GAMMNINFRA [bike repair;dhaba; - sector 128]','sector 128','9970201642',6),(254,'GANECOS [pharmacy; - sector 128]','sector 128','7116340797',6),(255,'GANESHHOUC [salon;dhaba; - sector 128]','sector 128','7620336889',6),(256,'GARFIBRES [vegetable vendor; - sector 128]','sector 128','7987198477',6),(257,'GENUSPOWER [restaurant; - sector 128]','sector 128','9900890432',6),(258,'GEOJITFSL [school; - sector 128]','sector 128','9398331530',6),(259,'GIPCL [bike repair;restaurant;gym; - sector 128]','sector 128','8557883051',6),(260,'GLOBAL [bike repair;book seller;dhaba; - sector 128]','sector 128','8259071789',6),(261,'GNA [play school; - sector 128]','sector 128','7183698159',6),(262,'GODREJIND [beauty palour;grocer; - sector 128]','sector 128','9284204851',6),(263,'GOLDENTOBC [restaurant;vegetable vendor; - sector 128]','sector 128','9551186512',6),(264,'GRANULES [book seller;school; - sector 128]','sector 128','9912998188',6),(265,'GRAVITA [beauty palour; - sector 128]','sector 128','9315082349',6),(266,'GRETEX [beauty palour;dhaba; - sector 128]','sector 128','9489608950',6),(267,'GRPLTD [book seller;school;gym; - sector 128]','sector 128','7963004739',6),(268,'GTL [salon; - sector 128]','sector 128','7406593360',6),(269,'GTNTEX [play school;school;dhaba; - sector 128]','sector 128','8726267940',6),(270,'GULFPETRO [restaurant;tyre puncture; - sector 128]','sector 128','9555571125',6),(271,'HATHWAY [beauty palour; - sector 128]','sector 128','9361356294',6),(272,'HCLTECH [book seller;salon;dhaba; - sector 128]','sector 128','8819144613',6),(273,'HDFCMFGETF [pharmacy; - sector 128]','sector 128','7588712618',6),(274,'HERCULES [gym; - sector 128]','sector 128','9279874089',6),(275,'HHOF1140RD [salon; - sector 128]','sector 128','8173717681',6),(276,'HILTON [book seller;school;tyre puncture; - sector 128]','sector 128','7948287664',6),(277,'HINDCOMPOS [school; - sector 128]','sector 128','9766970092',6),(278,'HISARMETAL [school; - sector 128]','sector 128','9012001140',6),(279,'HOVS [play school; - sector 128]','sector 128','7953020304',6),(280,'HUBTOWN [salon;dhaba;tyre puncture; - sector 128]','sector 128','8226901188',6),(281,'IBULHSGFIN [bike repair; - sector 128]','sector 128','9459027509',6),(282,'IBVENTURES [school; - sector 128]','sector 128','7174673107',6),(283,'ICEMAKE [pharmacy;play school; - sector 128]','sector 128','9096280371',6),(284,'ICICIGOLD [dhaba; - sector 128]','sector 128','7510969249',6),(285,'ICICISENSX [beauty palour;grocer; - sector 128]','sector 128','8775564410',6),(286,'IDBI [play school;grocer; - sector 128]','sector 128','9519907840',6),(287,'IDFCBANK [play school;gym; - sector 128]','sector 128','8650733257',6),(288,'IDFCBANK [salon; - sector 128]','sector 128','7380478577',6),(289,'IDFCBANK [book seller;toy store;gym; - sector 128]','sector 128','9242915335',6),(290,'IFBAGRO [pharmacy;drug store; - sector 128]','sector 128','9700563323',6),(291,'IGPL [school; - sector 128]','sector 128','8502912205',6),(292,'IL&FSTRANS [restaurant; - sector 128]','sector 128','8028956407',6),(293,'INDIACEM [grocer; - sector 128]','sector 128','8150952188',6),(294,'INDOCO [gym;grocer;vegetable vendor; - sector 128]','sector 128','7721590685',6),(295,'INDOTECH [play school; - sector 128]','sector 128','7383608260',6),(296,'INDSWFTLTD [beauty palour;bike repair;tyre puncture; - sector 128]','sector 128','8282627853',6),(297,'INDTERRAIN [beauty palour;restaurant;tyre puncture; - sector 128]','sector 128','7042792719',6),(298,'INEOSSTYRO [restaurant;dhaba; - sector 128]','sector 128','9552987670',6),(299,'INFINITE [play school;restaurant;beauty palour; - sector 128]','sector 128','9797180405',6),(300,'INFRATEL [restaurant;dhaba;gym; - sector 128]','sector 128','7533302979',6),(301,'INSECTICID [play school;salon;drug store; - sector 128]','sector 128','9804862114',6),(302,'INTENTECH [book seller;grocer; - sector 128]','sector 128','9464098700',6),(303,'IPAPPM [pharmacy; - sector 128]','sector 128','7441110362',6),(304,'IRFC [beauty palour; - sector 128]','sector 128','8366372251',6),(305,'IRFC [drug store; - sector 128]','sector 128','8181947020',6),(306,'ITI [school;dhaba; - sector 128]','sector 128','9185683966',6),(307,'IZMO [beauty palour;book seller;drug store; - sector 128]','sector 128','9933355411',6),(308,'JAMNAAUTO [gym; - sector 128]','sector 128','7345725937',6),(309,'JBMA [school; - sector 128]','sector 128','8812512570',6),(310,'JETAIRWAYS [play school; - sector 128]','sector 128','8148994576',6),(311,'JHS [dhaba;toy store; - sector 128]','sector 128','7590817459',6),(312,'JINDALPHOT [pharmacy;beauty palour; - sector 128]','sector 128','8139065625',6),(313,'JINDWORLD [salon; - sector 128]','sector 128','9060056147',6),(314,'JMCPROJECT [pharmacy;grocer; - sector 128]','sector 128','9019090617',6),(315,'JPOLYINVST [school; - sector 128]','sector 128','7957600940',6),(316,'JPPOWER [pharmacy;play school;gym; - sector 128]','sector 128','8090258999',6),(317,'JTEKTINDIA [book seller; - sector 128]','sector 128','8669833204',6),(318,'JYOTHYLAB [gym; - sector 128]','sector 128','8935816757',6),(319,'ABAN [pharmacy; - sector 129]','sector 129','7284768400',5),(320,'ACE [book seller; - sector 129]','sector 129','9511383030',5),(321,'ADANIENT [pharmacy;restaurant;vegetable vendor; - sector 129]','sector 129','7180902515',5),(322,'ADANIGREEN [dhaba; - sector 129]','sector 129','9729586468',5),(323,'ADROITINFO [drug store; - sector 129]','sector 129','9040928723',5),(324,'AGARIND [pharmacy;drug store; - sector 129]','sector 129','7426903680',5),(325,'AGLSL [play school; - sector 129]','sector 129','9199275636',5),(326,'AIFL [dhaba; - sector 129]','sector 129','7632259204',5),(327,'AJANTPHARM [pharmacy;toy store;tyre puncture; - sector 129]','sector 129','7647246875',5),(328,'AJMERA [beauty palour;bike repair;book seller; - sector 129]','sector 129','8540866259',5),(329,'AKSHOPTFBR [school;grocer; - sector 129]','sector 129','8981046514',5),(330,'ALANKIT [bike repair;dhaba; - sector 129]','sector 129','7583971010',5),(331,'ALLSEC [tyre puncture; - sector 129]','sector 129','9774178686',5),(332,'AMBUJACEM [beauty palour; - sector 129]','sector 129','9397409897',5),(333,'ANDHRSUGAR [bike repair;salon; - sector 129]','sector 129','8498662864',5),(334,'ANKITMETAL [beauty palour;gym; - sector 129]','sector 129','7147256011',5),(335,'APOLLO [drug store; - sector 129]','sector 129','8634652825',5),(336,'APOLLOTYRE [gym; - sector 129]','sector 129','7078640638',5),(337,'APOLSINHOT [book seller; - sector 129]','sector 129','7126439837',5),(338,'ARIES [grocer; - sector 129]','sector 129','9141033324',5),(339,'ARMANFIN [school; - sector 129]','sector 129','8842961386',5),(340,'ASAL [beauty palour;restaurant; - sector 129]','sector 129','7860942543',5),(341,'ASHOKLEY [vegetable vendor; - sector 129]','sector 129','8342116812',5),(342,'ASTEC [school; - sector 129]','sector 129','9113870571',5),(343,'ASTERDM [beauty palour;salon; - sector 129]','sector 129','8516630196',5),(344,'ASTRAZEN [beauty palour;grocer;tyre puncture; - sector 129]','sector 129','7339752159',5),(345,'ATLANTA [play school; - sector 129]','sector 129','8295494735',5),(346,'AUTOIND [vegetable vendor; - sector 129]','sector 129','8696609220',5),(347,'AUTOLITIND [toy store;school;dhaba; - sector 129]','sector 129','8712503497',5),(348,'AVANTIFEED [gym; - sector 129]','sector 129','8899936141',5),(349,'AXISNIFTY [beauty palour; - sector 129]','sector 129','7285847075',5),(350,'BAJAJHLDNG [book seller;salon;dhaba; - sector 129]','sector 129','9019983133',5),(351,'BALAMINES [tyre puncture;gym; - sector 129]','sector 129','8672284577',5),(352,'BALRAMCHIN [play school; - sector 129]','sector 129','8787108721',5),(353,'BANKA [beauty palour; - sector 129]','sector 129','9919074809',5),(354,'BASML [pharmacy;play school; - sector 129]','sector 129','8186277876',5),(355,'BCONCEPTS [toy store; - sector 129]','sector 129','7452215193',5),(356,'BEARDSELL [play school;dhaba; - sector 129]','sector 129','9362516641',5),(357,'BGLOBAL [toy store; - sector 129]','sector 129','7487470857',5),(358,'BHARATIDIL [pharmacy; - sector 129]','sector 129','9468668209',5),(359,'BINANIIND [beauty palour;bike repair;tyre puncture; - sector 129]','sector 129','7612699229',5),(360,'BLKASHYAP [dhaba;toy store;grocer; - sector 129]','sector 129','8680299253',5),(361,'BLS [grocer; - sector 129]','sector 129','9009813590',5),(362,'BOHRA [play school; - sector 129]','sector 129','8876125924',5),(363,'BOSCHLTD [salon; - sector 129]','sector 129','8323341426',5),(364,'BRFL [toy store;tyre puncture; - sector 129]','sector 129','8721075836',5),(365,'BSLGOLDETF [toy store; - sector 129]','sector 129','8401347936',5),(366,'BYKE [restaurant; - sector 129]','sector 129','7509437537',5),(367,'CANTABIL [book seller;school; - sector 129]','sector 129','7350755045',5),(368,'CAPACITE [dhaba; - sector 129]','sector 129','7064646812',5),(369,'CAPF [restaurant;school;toy store; - sector 129]','sector 129','9473342351',5),(370,'CAREERP [restaurant;grocer; - sector 129]','sector 129','9582074865',5),(371,'CEATLTD [bike repair; - sector 129]','sector 129','7528512265',5),(372,'CENTRUM [play school;restaurant;tyre puncture; - sector 129]','sector 129','7895823133',5),(373,'CENTURYTEX [bike repair; - sector 129]','sector 129','7836679562',5),(374,'CHOLAFIN [vegetable vendor; - sector 129]','sector 129','8892816147',5),(375,'CLNINDIA [toy store; - sector 129]','sector 129','7473789874',5),(376,'CONCOR [bike repair;vegetable vendor; - sector 129]','sector 129','7489303328',5),(377,'COX&KINGS [beauty palour;salon;dhaba; - sector 129]','sector 129','8233719597',5),(378,'CREDITACC [salon;book seller;gym; - sector 129]','sector 129','9969725093',5),(379,'CUBEXTUB [grocer; - sector 129]','sector 129','7796502714',5),(380,'CYBERMEDIA [restaurant;book seller;gym; - sector 129]','sector 129','7731851090',5),(381,'DAAWAT [dhaba; - sector 129]','sector 129','8392548358',5),(382,'DALMIABHA [pharmacy; - sector 129]','sector 129','9070254363',5),(383,'DANGEE [play school;beauty palour;vegetable vendor; - sector 129]','sector 129','9339622253',5),(384,'DCM [pharmacy; - sector 129]','sector 129','7201340591',5),(385,'DEEPAKNTR [play school; - sector 129]','sector 129','9312842631',5),(386,'DENORA [grocer; - sector 129]','sector 129','7931947275',5),(387,'DHFL [vegetable vendor; - sector 129]','sector 129','8512691334',5),(388,'DHFL [play school;drug store; - sector 129]','sector 129','7941994622',5),(389,'DHFL [book seller; - sector 129]','sector 129','8387906938',5),(390,'DHFL [restaurant;dhaba;vegetable vendor; - sector 129]','sector 129','8623528987',5),(391,'DHFL [pharmacy;school; - sector 129]','sector 129','9231254828',5),(392,'DISHTV [play school; - sector 129]','sector 129','7904932898',5),(393,'DONEAR [restaurant;school;vegetable vendor; - sector 129]','sector 129','9372968711',5),(394,'DUCON [play school;bike repair;tyre puncture; - sector 129]','sector 129','9413246694',5),(395,'ECEIND [play school;beauty palour; - sector 129]','sector 129','8676470910',5),(396,'ECLFINANCE [bike repair; - sector 129]','sector 129','9923779680',5),(397,'ECLFINANCE [bike repair;restaurant;vegetable vendor; - sector 129]','sector 129','9770973782',5),(398,'EDUCOMP [book seller; - sector 129]','sector 129','7047503537',5),(399,'EIMCOELECO [pharmacy;book seller; - sector 129]','sector 129','9175917653',5),(400,'ELECTCAST [pharmacy;play school; - sector 129]','sector 129','7209635751',5),(401,'EMAMILTD [vegetable vendor; - sector 129]','sector 129','8392322417',5),(402,'ENGINERSIN [dhaba;tyre puncture; - sector 129]','sector 129','8318439220',5),(403,'ERFLNCDI [gym; - sector 129]','sector 129','7760184675',5),(404,'ESSDEE [restaurant;drug store;tyre puncture; - sector 129]','sector 129','8060425718',5),(405,'EVEREADY [pharmacy;restaurant;grocer; - sector 129]','sector 129','7994656469',5),(406,'FAIRCHEM [beauty palour;toy store; - sector 129]','sector 129','7366071095',5),(407,'FCSSOFT [book seller; - sector 129]','sector 129','8272679418',5),(408,'FILATEX [dhaba;gym; - sector 129]','sector 129','7377600681',5),(409,'FOSECOIND [book seller; - sector 129]','sector 129','7198543115',5),(410,'GAIL [pharmacy;tyre puncture; - sector 129]','sector 129','8535636092',5),(411,'GAL [book seller; - sector 129]','sector 129','8686544809',5),(412,'GAMMNINFRA [book seller;grocer;gym; - sector 129]','sector 129','7623474281',5),(413,'GANECOS [school; - sector 129]','sector 129','9660146830',5),(414,'GANESHHOUC [vegetable vendor; - sector 129]','sector 129','8616201944',5),(415,'GARFIBRES [salon; - sector 129]','sector 129','7639308229',5),(416,'GENUSPOWER [restaurant; - sector 129]','sector 129','9567295092',5),(417,'GEOJITFSL [bike repair;gym; - sector 129]','sector 129','9539005779',5),(418,'GIPCL [grocer; - sector 129]','sector 129','8308691681',5),(419,'GLOBAL [dhaba; - sector 129]','sector 129','9210636729',5),(420,'GNA [drug store; - sector 129]','sector 129','9546362928',5),(421,'GODREJIND [dhaba; - sector 129]','sector 129','7257209764',5),(422,'GOLDENTOBC [book seller;play school;salon; - sector 129]','sector 129','7253356673',5),(423,'GRANULES [grocer;tyre puncture; - sector 129]','sector 129','9490732420',5),(424,'GRAVITA [vegetable vendor; - sector 129]','sector 129','9166564797',5),(425,'GRETEX [school;drug store; - sector 129]','sector 129','9091895274',5),(426,'GRPLTD [dhaba;gym; - sector 129]','sector 129','9611351512',5),(427,'GTL [salon;gym; - sector 129]','sector 129','7216751019',5),(428,'GTNTEX [salon; - sector 129]','sector 129','7438670052',5),(429,'GULFPETRO [play school; - sector 129]','sector 129','8399728147',5),(430,'HATHWAY [drug store; - sector 129]','sector 129','9567249282',5),(431,'HCLTECH [dhaba;drug store; - sector 129]','sector 129','7238696651',5),(432,'HDFCMFGETF [grocer; - sector 129]','sector 129','9182187831',5),(433,'HERCULES [tyre puncture;grocer; - sector 129]','sector 129','7866303756',5),(434,'HHOF1140RD [pharmacy;school;tyre puncture; - sector 129]','sector 129','8812769046',5),(435,'HILTON [dhaba; - sector 129]','sector 129','9145675041',5),(436,'HINDCOMPOS [dhaba; - sector 129]','sector 129','9080419064',5),(437,'HISARMETAL [bike repair;toy store;gym; - sector 129]','sector 129','9717148744',5),(438,'HOVS [book seller; - sector 129]','sector 129','8088373825',5),(439,'HUBTOWN [beauty palour;toy store;grocer; - sector 129]','sector 129','9903312929',5),(440,'IBULHSGFIN [book seller;school;gym; - sector 129]','sector 129','7737333612',5),(441,'IBVENTURES [dhaba; - sector 129]','sector 129','8589472203',5),(442,'ICEMAKE [play school; - sector 129]','sector 129','8832473907',5),(443,'ICICIGOLD [pharmacy;beauty palour;grocer; - sector 129]','sector 129','8510603776',5),(444,'ICICISENSX [restaurant; - sector 129]','sector 129','9954265548',5),(445,'IDBI [tyre puncture; - sector 129]','sector 129','8806401623',5),(446,'IDFCBANK [beauty palour;book seller; - sector 129]','sector 129','7865151488',5),(447,'IDFCBANK [restaurant; - sector 129]','sector 129','8579359923',5),(448,'IDFCBANK [play school;restaurant;book seller; - sector 129]','sector 129','8066584952',5),(449,'IFBAGRO [restaurant;tyre puncture;gym; - sector 129]','sector 129','8589241192',5),(450,'IGPL [restaurant;dhaba;grocer; - sector 129]','sector 129','9027949802',5),(451,'IL&FSTRANS [play school; - sector 129]','sector 129','9317835676',5),(452,'INDIACEM [restaurant;salon;school; - sector 129]','sector 129','7961425976',5),(453,'INDOCO [beauty palour;salon;school; - sector 129]','sector 129','8874994042',5),(454,'INDOTECH [play school; - sector 129]','sector 129','9325903115',5),(455,'INDSWFTLTD [bike repair;vegetable vendor; - sector 129]','sector 129','9550462682',5),(456,'INDTERRAIN [dhaba; - sector 129]','sector 129','8457127892',5),(457,'INEOSSTYRO [drug store; - sector 129]','sector 129','7667374688',5),(458,'INFINITE [salon;gym; - sector 129]','sector 129','8504858691',5),(459,'INFRATEL [bike repair;salon; - sector 129]','sector 129','7999188532',5),(460,'INSECTICID [tyre puncture; - sector 129]','sector 129','8207583055',5),(461,'INTENTECH [restaurant;bike repair;dhaba; - sector 129]','sector 129','8176497135',5),(462,'IPAPPM [salon;school; - sector 129]','sector 129','7743638412',5),(463,'IRFC [play school;book seller;dhaba; - sector 129]','sector 129','8540910523',5),(464,'IRFC [gym; - sector 129]','sector 129','8480753501',5),(465,'ITI [bike repair;gym; - sector 129]','sector 129','7474550975',5),(466,'IZMO [tyre puncture; - sector 129]','sector 129','7451116750',5),(467,'JAMNAAUTO [pharmacy; - sector 129]','sector 129','8072905302',5),(468,'JBMA [drug store; - sector 129]','sector 129','8510343618',5),(469,'JETAIRWAYS [salon;grocer; - sector 129]','sector 129','8630333308',5),(470,'JHS [bike repair; - sector 129]','sector 129','9089741459',5),(471,'JINDALPHOT [grocer; - sector 129]','sector 129','7926674587',5),(472,'JINDWORLD [pharmacy;salon; - sector 129]','sector 129','7776020609',5),(473,'JMCPROJECT [restaurant;toy store;grocer; - sector 129]','sector 129','9973635362',5),(474,'JPOLYINVST [gym; - sector 129]','sector 129','7312448820',5),(475,'JPPOWER [pharmacy; - sector 129]','sector 129','8768306996',5),(476,'JTEKTINDIA [vegetable vendor; - sector 129]','sector 129','9205473062',5),(477,'JYOTHYLAB [drug store; - sector 129]','sector 129','7664644776',5),(478,'ABAN [beauty palour; - sector 132]','sector 132','8631606419',1),(479,'ACE [tyre puncture;gym; - sector 132]','sector 132','7814399853',1),(480,'ADANIENT [beauty palour;bike repair;tyre puncture; - sector 132]','sector 132','8139829142',1),(481,'ADANIGREEN [pharmacy;tyre puncture; - sector 132]','sector 132','9368115930',1),(482,'ADROITINFO [salon;grocer;gym; - sector 132]','sector 132','9594882150',1),(483,'AGARIND [play school; - sector 132]','sector 132','8424878300',1),(484,'AGLSL [grocer;tyre puncture;vegetable vendor; - sector 132]','sector 132','9974175410',1),(485,'AIFL [school;drug store;tyre puncture; - sector 132]','sector 132','9848837941',1),(486,'AJANTPHARM [dhaba; - sector 132]','sector 132','7337562291',1),(487,'AJMERA [vegetable vendor; - sector 132]','sector 132','8611029008',1),(488,'AKSHOPTFBR [restaurant;dhaba; - sector 132]','sector 132','7159588059',1),(489,'ALANKIT [beauty palour;bike repair; - sector 132]','sector 132','8570564206',1),(490,'ALLSEC [school;dhaba;tyre puncture; - sector 132]','sector 132','9310224712',1),(491,'AMBUJACEM [tyre puncture;grocer; - sector 132]','sector 132','9274836455',1),(492,'ANDHRSUGAR [pharmacy;school; - sector 132]','sector 132','7101142446',1),(493,'ANKITMETAL [grocer;vegetable vendor; - sector 132]','sector 132','7410863956',1),(494,'APOLLO [tyre puncture; - sector 132]','sector 132','9312204177',1),(495,'APOLLOTYRE [tyre puncture; - sector 132]','sector 132','8208826919',1),(496,'APOLSINHOT [pharmacy; - sector 132]','sector 132','7966012301',1),(497,'ARIES [bike repair; - sector 132]','sector 132','9259885430',1),(498,'ARMANFIN [dhaba;gym; - sector 132]','sector 132','8201434928',1),(499,'ASAL [school; - sector 132]','sector 132','8362281969',1),(500,'ASHOKLEY [toy store; - sector 132]','sector 132','9847152952',1),(501,'ASTEC [beauty palour;restaurant;dhaba; - sector 132]','sector 132','7018041858',1),(502,'ASTERDM [grocer; - sector 132]','sector 132','8641189633',1),(503,'ASTRAZEN [bike repair;tyre puncture; - sector 132]','sector 132','8975389467',1),(504,'ATLANTA [toy store; - sector 132]','sector 132','7591222666',1),(505,'AUTOIND [bike repair;drug store;grocer; - sector 132]','sector 132','7702303385',1),(506,'AUTOLITIND [book seller; - sector 132]','sector 132','8690039878',1),(507,'AVANTIFEED [pharmacy; - sector 132]','sector 132','8054248566',1),(508,'AXISNIFTY [play school;school;drug store; - sector 132]','sector 132','7271149049',1),(509,'BAJAJHLDNG [grocer; - sector 132]','sector 132','8616227597',1),(510,'BALAMINES [salon; - sector 132]','sector 132','8008565187',1),(511,'BALRAMCHIN [beauty palour;tyre puncture; - sector 132]','sector 132','7211425598',1),(512,'BANKA [play school;school; - sector 132]','sector 132','8739413352',1),(513,'BASML [play school;restaurant;drug store; - sector 132]','sector 132','9258603014',1),(514,'BCONCEPTS [beauty palour;book seller;grocer; - sector 132]','sector 132','9579574484',1),(515,'BEARDSELL [school; - sector 132]','sector 132','9962674239',1),(516,'BGLOBAL [dhaba; - sector 132]','sector 132','7931259009',1),(517,'BHARATIDIL [book seller; - sector 132]','sector 132','7378804523',1),(518,'BINANIIND [play school;toy store; - sector 132]','sector 132','7394179421',1),(519,'BLKASHYAP [toy store; - sector 132]','sector 132','9831204021',1),(520,'BLS [beauty palour;drug store; - sector 132]','sector 132','7049195862',1),(521,'BOHRA [grocer; - sector 132]','sector 132','8081411219',1),(522,'BOSCHLTD [pharmacy;beauty palour;grocer; - sector 132]','sector 132','8676496725',1),(523,'BRFL [beauty palour;dhaba;tyre puncture; - sector 132]','sector 132','7166936307',1),(524,'BSLGOLDETF [bike repair;book seller;dhaba; - sector 132]','sector 132','8401929997',1),(525,'BYKE [pharmacy;restaurant;school; - sector 132]','sector 132','8032465747',1),(526,'CANTABIL [play school; - sector 132]','sector 132','9423619415',1),(527,'CAPACITE [salon;dhaba;drug store; - sector 132]','sector 132','9286063771',1),(528,'CAPF [beauty palour;dhaba;toy store; - sector 132]','sector 132','9164173101',1),(529,'CAREERP [grocer;gym; - sector 132]','sector 132','9426578475',1),(530,'CEATLTD [play school;toy store;vegetable vendor; - sector 132]','sector 132','9055689038',1),(531,'CENTRUM [gym; - sector 132]','sector 132','8212867723',1),(532,'CENTURYTEX [salon;vegetable vendor; - sector 132]','sector 132','7864411795',1),(533,'CHOLAFIN [pharmacy;book seller;toy store; - sector 132]','sector 132','8728011582',1),(534,'CLNINDIA [bike repair;salon; - sector 132]','sector 132','8696384444',1),(535,'CONCOR [gym; - sector 132]','sector 132','9035612297',1),(536,'COX&KINGS [grocer; - sector 132]','sector 132','8834487555',1),(537,'CREDITACC [pharmacy;beauty palour; - sector 132]','sector 132','7385040851',1),(538,'CUBEXTUB [bike repair; - sector 132]','sector 132','9033278308',1),(539,'CYBERMEDIA [vegetable vendor; - sector 132]','sector 132','9722418993',1),(540,'DAAWAT [book seller; - sector 132]','sector 132','7141281078',1),(541,'DALMIABHA [salon; - sector 132]','sector 132','7887168702',1),(542,'DANGEE [beauty palour; - sector 132]','sector 132','8164259494',1),(543,'DCM [pharmacy; - sector 132]','sector 132','8843943942',1),(544,'DEEPAKNTR [salon; - sector 132]','sector 132','7614503948',1),(545,'DENORA [dhaba; - sector 132]','sector 132','8692526385',1),(546,'DHFL [beauty palour; - sector 132]','sector 132','8303764657',1),(547,'DHFL [restaurant;dhaba;drug store; - sector 132]','sector 132','8197851115',1),(548,'DHFL [pharmacy;grocer; - sector 132]','sector 132','7464830721',1),(549,'DHFL [school; - sector 132]','sector 132','8902192247',1),(550,'DHFL [tyre puncture; - sector 132]','sector 132','9409768174',1),(551,'DISHTV [dhaba; - sector 132]','sector 132','8713090736',1),(552,'DONEAR [pharmacy;book seller; - sector 132]','sector 132','8009099743',1),(553,'DUCON [beauty palour; - sector 132]','sector 132','9760692075',1),(554,'ECEIND [restaurant;gym; - sector 132]','sector 132','8735189631',1),(555,'ECLFINANCE [grocer; - sector 132]','sector 132','9785738264',1),(556,'ECLFINANCE [dhaba;drug store;gym; - sector 132]','sector 132','9121761838',1),(557,'EDUCOMP [beauty palour; - sector 132]','sector 132','8127567983',1),(558,'EIMCOELECO [gym; - sector 132]','sector 132','7759987410',1),(559,'ELECTCAST [beauty palour;restaurant;drug store; - sector 132]','sector 132','8299458710',1),(560,'EMAMILTD [salon;tyre puncture; - sector 132]','sector 132','7668357792',1),(561,'ENGINERSIN [dhaba;toy store; - sector 132]','sector 132','9816428615',1),(562,'ERFLNCDI [restaurant; - sector 132]','sector 132','9517436109',1),(563,'ESSDEE [dhaba; - sector 132]','sector 132','9800996680',1),(564,'EVEREADY [bike repair;gym; - sector 132]','sector 132','7625679292',1),(565,'FAIRCHEM [bike repair;toy store;vegetable vendor; - sector 132]','sector 132','8355357732',1),(566,'FCSSOFT [restaurant; - sector 132]','sector 132','7841769062',1),(567,'FILATEX [toy store; - sector 132]','sector 132','7754820143',1),(568,'FOSECOIND [bike repair; - sector 132]','sector 132','8810070735',1),(569,'GAIL [salon;gym; - sector 132]','sector 132','8027110396',1),(570,'GAL [gym; - sector 132]','sector 132','9912586860',1),(571,'GAMMNINFRA [pharmacy; - sector 132]','sector 132','8379940073',1),(572,'GANECOS [play school;book seller;beauty palour; - sector 132]','sector 132','7396597860',1),(573,'GANESHHOUC [bike repair; - sector 132]','sector 132','7754729697',1),(574,'GARFIBRES [vegetable vendor; - sector 132]','sector 132','7224118680',1),(575,'GENUSPOWER [tyre puncture;gym; - sector 132]','sector 132','9955365835',1),(576,'GEOJITFSL [bike repair;vegetable vendor; - sector 132]','sector 132','9963226161',1),(577,'GIPCL [restaurant; - sector 132]','sector 132','8662465707',1),(578,'GLOBAL [bike repair;gym; - sector 132]','sector 132','9390850400',1),(579,'GNA [grocer; - sector 132]','sector 132','8028096258',1),(580,'GODREJIND [beauty palour;book seller; - sector 132]','sector 132','8617963214',1),(581,'GOLDENTOBC [restaurant; - sector 132]','sector 132','7879590699',1),(582,'GRANULES [restaurant;dhaba;vegetable vendor; - sector 132]','sector 132','7241154468',1),(583,'GRAVITA [play school;grocer; - sector 132]','sector 132','7964537055',1),(584,'GRETEX [school; - sector 132]','sector 132','8794976952',1),(585,'GRPLTD [school;toy store;vegetable vendor; - sector 132]','sector 132','9128974921',1),(586,'GTL [drug store;dhaba;toy store; - sector 132]','sector 132','7693190101',1),(587,'GTNTEX [book seller; - sector 132]','sector 132','9170568344',1),(588,'GULFPETRO [pharmacy; - sector 132]','sector 132','8212351358',1),(589,'HATHWAY [bike repair;school; - sector 132]','sector 132','9533133138',1),(590,'HCLTECH [dhaba;tyre puncture; - sector 132]','sector 132','8448476122',1),(591,'HDFCMFGETF [salon;school;tyre puncture; - sector 132]','sector 132','7863795153',1),(592,'HERCULES [pharmacy;school; - sector 132]','sector 132','9990366688',1),(593,'HHOF1140RD [play school; - sector 132]','sector 132','7420552888',1),(594,'HILTON [school;tyre puncture; - sector 132]','sector 132','8583914435',1),(595,'HINDCOMPOS [tyre puncture; - sector 132]','sector 132','8020968257',1),(596,'HISARMETAL [bike repair;tyre puncture;gym; - sector 132]','sector 132','8177561045',1),(597,'HOVS [play school;tyre puncture;beauty palour; - sector 132]','sector 132','8877688523',1),(598,'HUBTOWN [play school;restaurant;vegetable vendor; - sector 132]','sector 132','8819738629',1),(599,'IBULHSGFIN [bike repair;school;tyre puncture; - sector 132]','sector 132','7366551797',1),(600,'IBVENTURES [play school; - sector 132]','sector 132','7931737636',1),(601,'ICEMAKE [pharmacy; - sector 132]','sector 132','8913825084',1),(602,'ICICIGOLD [beauty palour; - sector 132]','sector 132','9970761921',1),(603,'ICICISENSX [toy store; - sector 132]','sector 132','7812616671',1),(604,'IDBI [school; - sector 132]','sector 132','8236574851',1),(605,'IDFCBANK [drug store;gym; - sector 132]','sector 132','8742328013',1),(606,'IDFCBANK [toy store; - sector 132]','sector 132','9167104423',1),(607,'IDFCBANK [beauty palour;school; - sector 132]','sector 132','8924120139',1),(608,'IFBAGRO [tyre puncture; - sector 132]','sector 132','8035864264',1),(609,'IGPL [restaurant;book seller;grocer; - sector 132]','sector 132','7023621899',1),(610,'IL&FSTRANS [vegetable vendor; - sector 132]','sector 132','7334704657',1),(611,'INDIACEM [school; - sector 132]','sector 132','7057682013',1),(612,'INDOCO [tyre puncture; - sector 132]','sector 132','7933743380',1),(613,'INDOTECH [pharmacy;beauty palour;book seller; - sector 132]','sector 132','8087797541',1),(614,'INDSWFTLTD [salon;book seller;dhaba; - sector 132]','sector 132','7872216599',1),(615,'INDTERRAIN [pharmacy; - sector 132]','sector 132','9283905439',1),(616,'INEOSSTYRO [dhaba; - sector 132]','sector 132','7957183298',1),(617,'INFINITE [tyre puncture; - sector 132]','sector 132','9432929686',1),(618,'INFRATEL [grocer; - sector 132]','sector 132','8010360749',1),(619,'INSECTICID [pharmacy;bike repair; - sector 132]','sector 132','9488998096',1),(620,'INTENTECH [pharmacy;school;drug store; - sector 132]','sector 132','8314183123',1),(621,'IPAPPM [play school; - sector 132]','sector 132','9100725544',1),(622,'IRFC [bike repair;restaurant; - sector 132]','sector 132','8579607884',1),(623,'IRFC [salon;dhaba; - sector 132]','sector 132','7737469930',1),(624,'ITI [beauty palour;restaurant;grocer; - sector 132]','sector 132','8933886830',1),(625,'IZMO [beauty palour;gym;vegetable vendor; - sector 132]','sector 132','9116545883',1),(626,'JAMNAAUTO [tyre puncture; - sector 132]','sector 132','8111943830',1),(627,'JBMA [beauty palour;gym; - sector 132]','sector 132','7935585440',1),(628,'JETAIRWAYS [pharmacy;drug store; - sector 132]','sector 132','8709252655',1),(629,'JHS [beauty palour; - sector 132]','sector 132','7932662025',1),(630,'JINDALPHOT [bike repair;toy store;gym; - sector 132]','sector 132','8418468351',1),(631,'JINDWORLD [dhaba;drug store;grocer; - sector 132]','sector 132','8038459542',1),(632,'JMCPROJECT [salon;grocer; - sector 132]','sector 132','9444721214',1),(633,'JPOLYINVST [book seller;toy store; - sector 132]','sector 132','8614885638',1),(634,'JPPOWER [vegetable vendor; - sector 132]','sector 132','8176985565',1),(635,'JTEKTINDIA [dhaba; - sector 132]','sector 132','8725375081',1),(636,'JYOTHYLAB [play school; - sector 132]','sector 132','7351398363',1),(637,'ABAN [school; - sector 148]','sector 148','7033594829',2),(638,'ACE [vegetable vendor; - sector 148]','sector 148','7104505235',2),(639,'ADANIENT [play school; - sector 148]','sector 148','7527853716',2),(640,'ADANIGREEN [restaurant; - sector 148]','sector 148','8437007843',2),(641,'ADROITINFO [pharmacy;beauty palour;gym; - sector 148]','sector 148','7996447445',2),(642,'AGARIND [dhaba; - sector 148]','sector 148','8377453469',2),(643,'AGLSL [drug store; - sector 148]','sector 148','7931110773',2),(644,'AIFL [dhaba; - sector 148]','sector 148','8844511700',2),(645,'AJANTPHARM [beauty palour;bike repair; - sector 148]','sector 148','7007098665',2),(646,'AJMERA [pharmacy; - sector 148]','sector 148','7833978162',2),(647,'AKSHOPTFBR [beauty palour;restaurant; - sector 148]','sector 148','8117313434',2),(648,'ALANKIT [pharmacy;school; - sector 148]','sector 148','8325446230',2),(649,'ALLSEC [play school; - sector 148]','sector 148','8499261076',2),(650,'AMBUJACEM [beauty palour; - sector 148]','sector 148','9337429903',2),(651,'ANDHRSUGAR [bike repair;vegetable vendor; - sector 148]','sector 148','9003639957',2),(652,'ANKITMETAL [salon;drug store; - sector 148]','sector 148','8093756873',2),(653,'APOLLO [salon; - sector 148]','sector 148','8233718035',2),(654,'APOLLOTYRE [school; - sector 148]','sector 148','9667457178',2),(655,'APOLSINHOT [pharmacy;grocer;gym; - sector 148]','sector 148','8328846306',2),(656,'ARIES [toy store; - sector 148]','sector 148','8670408793',2),(657,'ARMANFIN [beauty palour;dhaba;play school; - sector 148]','sector 148','7468201687',2),(658,'ASAL [vegetable vendor; - sector 148]','sector 148','7409907344',2),(659,'ASHOKLEY [book seller;salon; - sector 148]','sector 148','8735521397',2),(660,'ASTEC [beauty palour; - sector 148]','sector 148','7651648891',2),(661,'ASTERDM [toy store;tyre puncture; - sector 148]','sector 148','9599767083',2),(662,'ASTRAZEN [restaurant;gym; - sector 148]','sector 148','7622835658',2),(663,'ATLANTA [salon; - sector 148]','sector 148','7795247564',2),(664,'AUTOIND [restaurant; - sector 148]','sector 148','8858177226',2),(665,'AUTOLITIND [drug store; - sector 148]','sector 148','7155971282',2),(666,'AVANTIFEED [salon; - sector 148]','sector 148','8589101647',2),(667,'AXISNIFTY [play school;drug store; - sector 148]','sector 148','9985893586',2),(668,'BAJAJHLDNG [pharmacy;tyre puncture; - sector 148]','sector 148','9424918462',2),(669,'BALAMINES [toy store; - sector 148]','sector 148','7396323115',2),(670,'BALRAMCHIN [play school;toy store; - sector 148]','sector 148','9995913819',2),(671,'BANKA [school; - sector 148]','sector 148','8580842048',2),(672,'BASML [pharmacy;drug store; - sector 148]','sector 148','9073734607',2),(673,'BCONCEPTS [grocer; - sector 148]','sector 148','9889396885',2),(674,'BEARDSELL [drug store;gym; - sector 148]','sector 148','7356535775',2),(675,'BGLOBAL [restaurant; - sector 148]','sector 148','8386038556',2),(676,'BHARATIDIL [book seller;school;tyre puncture; - sector 148]','sector 148','9143172943',2),(677,'BINANIIND [pharmacy;dhaba;school; - sector 148]','sector 148','7836699050',2),(678,'BLKASHYAP [dhaba; - sector 148]','sector 148','8950753760',2),(679,'BLS [bike repair; - sector 148]','sector 148','7769994941',2),(680,'BOHRA [pharmacy;dhaba;vegetable vendor; - sector 148]','sector 148','7293513415',2),(681,'BOSCHLTD [school;drug store;gym; - sector 148]','sector 148','7293130914',2),(682,'BRFL [play school;restaurant;grocer; - sector 148]','sector 148','7350442890',2),(683,'BSLGOLDETF [drug store; - sector 148]','sector 148','8462528869',2),(684,'BYKE [beauty palour;tyre puncture;vegetable vendor; - sector 148]','sector 148','9440644875',2),(685,'CANTABIL [restaurant;dhaba; - sector 148]','sector 148','9352116403',2),(686,'CAPACITE [play school; - sector 148]','sector 148','7558770053',2),(687,'CAPF [dhaba; - sector 148]','sector 148','7651299539',2),(688,'CAREERP [beauty palour;dhaba;tyre puncture; - sector 148]','sector 148','9561572406',2),(689,'CEATLTD [pharmacy;toy store; - sector 148]','sector 148','9627097692',2),(690,'CENTRUM [bike repair;drug store; - sector 148]','sector 148','9309615091',2),(691,'CENTURYTEX [pharmacy;grocer;vegetable vendor; - sector 148]','sector 148','7551038106',2),(692,'CHOLAFIN [drug store;tyre puncture; - sector 148]','sector 148','8194053590',2),(693,'CLNINDIA [restaurant;dhaba; - sector 148]','sector 148','7384648986',2),(694,'CONCOR [tyre puncture; - sector 148]','sector 148','8226402928',2),(695,'COX&KINGS [salon;school;dhaba; - sector 148]','sector 148','9257820690',2),(696,'CREDITACC [pharmacy;toy store; - sector 148]','sector 148','7646793461',2),(697,'CUBEXTUB [toy store; - sector 148]','sector 148','8988589890',2),(698,'CYBERMEDIA [play school; - sector 148]','sector 148','8266087570',2),(699,'DAAWAT [book seller;dhaba;vegetable vendor; - sector 148]','sector 148','8138028335',2),(700,'DALMIABHA [pharmacy;toy store; - sector 148]','sector 148','9968056740',2),(701,'DANGEE [restaurant;salon;grocer; - sector 148]','sector 148','8838572585',2),(702,'DCM [play school;restaurant;grocer; - sector 148]','sector 148','9517172931',2),(703,'DEEPAKNTR [bike repair; - sector 148]','sector 148','9827494740',2),(704,'DENORA [grocer; - sector 148]','sector 148','9999379705',2),(705,'DHFL [play school; - sector 148]','sector 148','7020737008',2),(706,'DHFL [beauty palour;salon;toy store; - sector 148]','sector 148','9010867650',2),(707,'DHFL [vegetable vendor; - sector 148]','sector 148','7371452464',2),(708,'DHFL [school; - sector 148]','sector 148','9774250504',2),(709,'DHFL [pharmacy;restaurant; - sector 148]','sector 148','8237340657',2),(710,'DISHTV [school;toy store;grocer; - sector 148]','sector 148','9347828966',2),(711,'DONEAR [vegetable vendor; - sector 148]','sector 148','9507557201',2),(712,'DUCON [book seller;salon;grocer; - sector 148]','sector 148','8722949852',2),(713,'ECEIND [book seller;gym; - sector 148]','sector 148','7361068608',2),(714,'ECLFINANCE [salon;toy store; - sector 148]','sector 148','9990163393',2),(715,'ECLFINANCE [restaurant; - sector 148]','sector 148','9533846369',2),(716,'EDUCOMP [restaurant; - sector 148]','sector 148','9341663553',2),(717,'EIMCOELECO [pharmacy;bike repair; - sector 148]','sector 148','7578460571',2),(718,'ELECTCAST [beauty palour;bike repair;tyre puncture; - sector 148]','sector 148','9682272324',2),(719,'EMAMILTD [restaurant;book seller; - sector 148]','sector 148','8169544989',2),(720,'ENGINERSIN [play school;bike repair; - sector 148]','sector 148','7455833582',2),(721,'ERFLNCDI [salon; - sector 148]','sector 148','9932660271',2),(722,'ESSDEE [drug store; - sector 148]','sector 148','8842875817',2),(723,'EVEREADY [play school;school; - sector 148]','sector 148','7029661101',2),(724,'FAIRCHEM [book seller; - sector 148]','sector 148','7556393400',2),(725,'FCSSOFT [restaurant; - sector 148]','sector 148','7406941019',2),(726,'FILATEX [restaurant;book seller; - sector 148]','sector 148','9120925008',2),(727,'FOSECOIND [dhaba; - sector 148]','sector 148','8517170642',2),(728,'GAIL [book seller; - sector 148]','sector 148','8974333550',2),(729,'GAL [book seller;drug store;vegetable vendor; - sector 148]','sector 148','7251265859',2),(730,'GAMMNINFRA [vegetable vendor; - sector 148]','sector 148','8908035412',2),(731,'GANECOS [bike repair;salon; - sector 148]','sector 148','9519395980',2),(732,'GANESHHOUC [book seller; - sector 148]','sector 148','9882400527',2),(733,'GARFIBRES [drug store; - sector 148]','sector 148','9379860565',2),(734,'GENUSPOWER [beauty palour;restaurant;book seller; - sector 148]','sector 148','8525560902',2),(735,'GEOJITFSL [play school;vegetable vendor; - sector 148]','sector 148','9889143153',2),(736,'GIPCL [school; - sector 148]','sector 148','7618405557',2),(737,'GLOBAL [vegetable vendor; - sector 148]','sector 148','8074197726',2),(738,'GNA [beauty palour;toy store; - sector 148]','sector 148','9022012513',2),(739,'GODREJIND [vegetable vendor; - sector 148]','sector 148','7666545271',2),(740,'GOLDENTOBC [restaurant;vegetable vendor; - sector 148]','sector 148','8145891053',2),(741,'GRANULES [dhaba;grocer; - sector 148]','sector 148','7289531112',2),(742,'GRAVITA [toy store;grocer; - sector 148]','sector 148','7438512308',2),(743,'GRETEX [restaurant; - sector 148]','sector 148','9099940042',2),(744,'GRPLTD [toy store;tyre puncture; - sector 148]','sector 148','9048035037',2),(745,'GTL [play school; - sector 148]','sector 148','8830346366',2),(746,'GTNTEX [drug store; - sector 148]','sector 148','9644341807',2),(747,'GULFPETRO [school; - sector 148]','sector 148','9068466895',2),(748,'HATHWAY [salon; - sector 148]','sector 148','8312550239',2),(749,'HCLTECH [bike repair; - sector 148]','sector 148','7085458200',2),(750,'HDFCMFGETF [play school;school; - sector 148]','sector 148','8979973142',2),(751,'HERCULES [salon;drug store; - sector 148]','sector 148','7384123838',2),(752,'HHOF1140RD [toy store; - sector 148]','sector 148','7076055552',2),(753,'HILTON [dhaba;tyre puncture; - sector 148]','sector 148','7764629529',2),(754,'HINDCOMPOS [beauty palour;bike repair; - sector 148]','sector 148','7536854929',2),(755,'HISARMETAL [school; - sector 148]','sector 148','7227514580',2),(756,'HOVS [beauty palour;restaurant;vegetable vendor; - sector 148]','sector 148','8722459846',2),(757,'HUBTOWN [play school; - sector 148]','sector 148','8031296176',2),(758,'IBULHSGFIN [play school;salon;dhaba; - sector 148]','sector 148','7827131633',2),(759,'IBVENTURES [beauty palour;bike repair; - sector 148]','sector 148','8393910292',2),(760,'ICEMAKE [bike repair;salon; - sector 148]','sector 148','7502266276',2),(761,'ICICIGOLD [restaurant;book seller; - sector 148]','sector 148','9983561493',2),(762,'ICICISENSX [grocer;gym; - sector 148]','sector 148','9551847043',2),(763,'IDBI [play school;restaurant;salon; - sector 148]','sector 148','9900717696',2),(764,'IDFCBANK [pharmacy;vegetable vendor; - sector 148]','sector 148','9275962947',2),(765,'IDFCBANK [drug store; - sector 148]','sector 148','7593457160',2),(766,'IDFCBANK [book seller;dhaba;school; - sector 148]','sector 148','9520247894',2),(767,'IFBAGRO [vegetable vendor; - sector 148]','sector 148','9060952219',2),(768,'IGPL [restaurant;gym; - sector 148]','sector 148','7671437654',2),(769,'IL&FSTRANS [vegetable vendor; - sector 148]','sector 148','8456291242',2),(770,'INDIACEM [school; - sector 148]','sector 148','8708883980',2),(771,'INDOCO [school;vegetable vendor; - sector 148]','sector 148','8389918576',2),(772,'INDOTECH [dhaba;school;grocer; - sector 148]','sector 148','7551987116',2),(773,'INDSWFTLTD [toy store; - sector 148]','sector 148','9155887218',2),(774,'INDTERRAIN [gym; - sector 148]','sector 148','7662037800',2),(775,'INEOSSTYRO [salon; - sector 148]','sector 148','7993726641',2),(776,'INFINITE [bike repair; - sector 148]','sector 148','9922300289',2),(777,'INFRATEL [tyre puncture;vegetable vendor; - sector 148]','sector 148','7787033914',2),(778,'INSECTICID [drug store; - sector 148]','sector 148','7084128306',2),(779,'INTENTECH [dhaba;drug store; - sector 148]','sector 148','9338707058',2),(780,'IPAPPM [drug store; - sector 148]','sector 148','7841209985',2),(781,'IRFC [dhaba; - sector 148]','sector 148','9066478150',2),(782,'IRFC [play school;salon; - sector 148]','sector 148','8943429084',2),(783,'ITI [pharmacy; - sector 148]','sector 148','7428848489',2),(784,'IZMO [grocer; - sector 148]','sector 148','8613183449',2),(785,'JAMNAAUTO [salon;dhaba;toy store; - sector 148]','sector 148','9740428309',2),(786,'JBMA [book seller;school;gym; - sector 148]','sector 148','7221292252',2),(787,'JETAIRWAYS [gym; - sector 148]','sector 148','9563724611',2),(788,'JHS [restaurant;tyre puncture; - sector 148]','sector 148','9045103772',2),(789,'JINDALPHOT [tyre puncture; - sector 148]','sector 148','8984591179',2),(790,'JINDWORLD [pharmacy;restaurant;tyre puncture; - sector 148]','sector 148','9905110041',2),(791,'JMCPROJECT [drug store;book seller;toy store; - sector 148]','sector 148','7975654011',2),(792,'JPOLYINVST [dhaba; - sector 148]','sector 148','8442535235',2),(793,'JPPOWER [beauty palour; - sector 148]','sector 148','8601373031',2),(794,'JTEKTINDIA [school; - sector 148]','sector 148','8028486235',2),(795,'JYOTHYLAB [vegetable vendor; - sector 148]','sector 148','7443567607',2),(796,'ABAN [beauty palour;play school; - sector 178]','sector 178','8944497900',4),(797,'ACE [play school;dhaba;drug store; - sector 178]','sector 178','8331733611',4),(798,'ADANIENT [play school;restaurant;beauty palour; - sector 178]','sector 178','8165651591',4),(799,'ADANIGREEN [bike repair;drug store; - sector 178]','sector 178','7355805085',4),(800,'ADROITINFO [pharmacy;salon; - sector 178]','sector 178','7522188496',4),(801,'AGARIND [play school; - sector 178]','sector 178','7842596250',4),(802,'AGLSL [grocer; - sector 178]','sector 178','9706853422',4),(803,'AIFL [beauty palour; - sector 178]','sector 178','8157408559',4),(804,'AJANTPHARM [restaurant; - sector 178]','sector 178','8351294133',4),(805,'AJMERA [pharmacy; - sector 178]','sector 178','7859539187',4),(806,'AKSHOPTFBR [pharmacy; - sector 178]','sector 178','8008558688',4),(807,'ALANKIT [beauty palour;restaurant;vegetable vendor; - sector 178]','sector 178','8902841112',4),(808,'ALLSEC [bike repair;school;vegetable vendor; - sector 178]','sector 178','8164468305',4),(809,'AMBUJACEM [play school;beauty palour; - sector 178]','sector 178','7855998218',4),(810,'ANDHRSUGAR [salon; - sector 178]','sector 178','9594161894',4),(811,'ANKITMETAL [beauty palour; - sector 178]','sector 178','9527501346',4),(812,'APOLLO [grocer; - sector 178]','sector 178','7168595400',4),(813,'APOLLOTYRE [drug store; - sector 178]','sector 178','7489229573',4),(814,'APOLSINHOT [bike repair;salon;drug store; - sector 178]','sector 178','9323258641',4),(815,'ARIES [gym; - sector 178]','sector 178','7785722167',4),(816,'ARMANFIN [book seller;bike repair;salon; - sector 178]','sector 178','8598817681',4),(817,'ASAL [play school; - sector 178]','sector 178','9593629238',4),(818,'ASHOKLEY [bike repair;restaurant; - sector 178]','sector 178','9114445154',4),(819,'ASTEC [school;toy store; - sector 178]','sector 178','7528907311',4),(820,'ASTERDM [bike repair; - sector 178]','sector 178','9319242959',4),(821,'ASTRAZEN [beauty palour;toy store;vegetable vendor; - sector 178]','sector 178','9030882081',4),(822,'ATLANTA [toy store;drug store; - sector 178]','sector 178','9089139350',4),(823,'AUTOIND [play school; - sector 178]','sector 178','8242660090',4),(824,'AUTOLITIND [play school; - sector 178]','sector 178','8084083244',4),(825,'AVANTIFEED [grocer; - sector 178]','sector 178','9485582763',4),(826,'AXISNIFTY [salon; - sector 178]','sector 178','7397607676',4),(827,'BAJAJHLDNG [toy store; - sector 178]','sector 178','8599689455',4),(828,'BALAMINES [book seller; - sector 178]','sector 178','8338458841',4),(829,'BALRAMCHIN [toy store; - sector 178]','sector 178','9794351223',4),(830,'BANKA [beauty palour; - sector 178]','sector 178','7325231355',4),(831,'BASML [beauty palour;dhaba;gym; - sector 178]','sector 178','9276305148',4),(832,'BCONCEPTS [vegetable vendor; - sector 178]','sector 178','8888915055',4),(833,'BEARDSELL [tyre puncture; - sector 178]','sector 178','7672344652',4),(834,'BGLOBAL [restaurant; - sector 178]','sector 178','7885644927',4),(835,'BHARATIDIL [book seller;dhaba;gym; - sector 178]','sector 178','7435585534',4),(836,'BINANIIND [restaurant;grocer; - sector 178]','sector 178','9355795835',4),(837,'BLKASHYAP [vegetable vendor; - sector 178]','sector 178','7582695763',4),(838,'BLS [dhaba; - sector 178]','sector 178','7768082798',4),(839,'BOHRA [vegetable vendor; - sector 178]','sector 178','7983264617',4),(840,'BOSCHLTD [salon;drug store; - sector 178]','sector 178','7986073591',4),(841,'BRFL [play school;dhaba;drug store; - sector 178]','sector 178','8075205369',4),(842,'BSLGOLDETF [book seller; - sector 178]','sector 178','7069134799',4),(843,'BYKE [grocer;gym; - sector 178]','sector 178','9050726622',4),(844,'CANTABIL [restaurant;school;toy store; - sector 178]','sector 178','9999003240',4),(845,'CAPACITE [pharmacy;restaurant;grocer; - sector 178]','sector 178','8746430804',4),(846,'CAPF [pharmacy; - sector 178]','sector 178','7687052766',4),(847,'CAREERP [play school; - sector 178]','sector 178','8129096684',4),(848,'CEATLTD [dhaba; - sector 178]','sector 178','8790842285',4),(849,'CENTRUM [restaurant; - sector 178]','sector 178','8304707966',4),(850,'CENTURYTEX [school;toy store;gym; - sector 178]','sector 178','8078586071',4),(851,'CHOLAFIN [pharmacy;drug store; - sector 178]','sector 178','8561401252',4),(852,'CLNINDIA [salon;grocer; - sector 178]','sector 178','8786802642',4),(853,'CONCOR [beauty palour;salon;school; - sector 178]','sector 178','7031879949',4),(854,'COX&KINGS [grocer; - sector 178]','sector 178','9079109512',4),(855,'CREDITACC [restaurant;tyre puncture;vegetable vendor; - sector 178]','sector 178','7317097949',4),(856,'CUBEXTUB [gym;grocer;vegetable vendor; - sector 178]','sector 178','7496470785',4),(857,'CYBERMEDIA [book seller;gym; - sector 178]','sector 178','8667930714',4),(858,'DAAWAT [school;toy store;vegetable vendor; - sector 178]','sector 178','7027071680',4),(859,'DALMIABHA [play school; - sector 178]','sector 178','7562786382',4),(860,'DANGEE [tyre puncture;vegetable vendor; - sector 178]','sector 178','9335138697',4),(861,'DCM [gym;dhaba;vegetable vendor; - sector 178]','sector 178','8921451857',4),(862,'DEEPAKNTR [beauty palour; - sector 178]','sector 178','8213654721',4),(863,'DENORA [gym; - sector 178]','sector 178','7684461833',4),(864,'DHFL [book seller; - sector 178]','sector 178','9943612668',4),(865,'DHFL [play school;gym; - sector 178]','sector 178','8456471703',4),(866,'DHFL [drug store; - sector 178]','sector 178','8172177017',4),(867,'DHFL [vegetable vendor; - sector 178]','sector 178','8194877135',4),(868,'DHFL [beauty palour; - sector 178]','sector 178','8948115387',4),(869,'DISHTV [play school;book seller;grocer; - sector 178]','sector 178','7141783866',4),(870,'DONEAR [play school; - sector 178]','sector 178','9269706362',4),(871,'DUCON [toy store; - sector 178]','sector 178','8302710049',4),(872,'ECEIND [salon; - sector 178]','sector 178','9130432507',4),(873,'ECLFINANCE [restaurant;salon;school; - sector 178]','sector 178','9211825384',4),(874,'ECLFINANCE [salon; - sector 178]','sector 178','7124681359',4),(875,'EDUCOMP [vegetable vendor; - sector 178]','sector 178','7994697399',4),(876,'EIMCOELECO [toy store; - sector 178]','sector 178','7952984345',4),(877,'ELECTCAST [dhaba; - sector 178]','sector 178','8606674077',4),(878,'EMAMILTD [vegetable vendor; - sector 178]','sector 178','9328780655',4),(879,'ENGINERSIN [book seller;toy store; - sector 178]','sector 178','7027887294',4),(880,'ERFLNCDI [dhaba; - sector 178]','sector 178','9284893382',4),(881,'ESSDEE [play school;book seller; - sector 178]','sector 178','9356651897',4),(882,'EVEREADY [tyre puncture; - sector 178]','sector 178','8372444289',4),(883,'FAIRCHEM [bike repair; - sector 178]','sector 178','7327775672',4),(884,'FCSSOFT [play school;salon;toy store; - sector 178]','sector 178','8017378835',4),(885,'FILATEX [restaurant;dhaba; - sector 178]','sector 178','9281616133',4),(886,'FOSECOIND [play school;restaurant;dhaba; - sector 178]','sector 178','7709500141',4),(887,'GAIL [beauty palour; - sector 178]','sector 178','8446895174',4),(888,'GAL [pharmacy; - sector 178]','sector 178','8691322414',4),(889,'GAMMNINFRA [dhaba; - sector 178]','sector 178','9241280036',4),(890,'GANECOS [bike repair;grocer; - sector 178]','sector 178','7152552701',4),(891,'GANESHHOUC [restaurant;toy store; - sector 178]','sector 178','9872951828',4),(892,'GARFIBRES [beauty palour; - sector 178]','sector 178','8304405137',4),(893,'GENUSPOWER [play school;bike repair; - sector 178]','sector 178','9076987281',4),(894,'GEOJITFSL [book seller;school; - sector 178]','sector 178','8311861203',4),(895,'GIPCL [pharmacy; - sector 178]','sector 178','9618416425',4),(896,'GLOBAL [toy store; - sector 178]','sector 178','7402894447',4),(897,'GNA [bike repair; - sector 178]','sector 178','9930319375',4),(898,'GODREJIND [beauty palour; - sector 178]','sector 178','9828209015',4),(899,'GOLDENTOBC [gym; - sector 178]','sector 178','8668222332',4),(900,'GRANULES [toy store; - sector 178]','sector 178','7287790807',4),(901,'GRAVITA [school; - sector 178]','sector 178','9067645989',4),(902,'GRETEX [restaurant;dhaba;tyre puncture; - sector 178]','sector 178','7369128893',4),(903,'GRPLTD [pharmacy;salon; - sector 178]','sector 178','8472342661',4),(904,'GTL [book seller; - sector 178]','sector 178','9731986669',4),(905,'GTNTEX [book seller; - sector 178]','sector 178','9424396212',4),(906,'GULFPETRO [play school; - sector 178]','sector 178','8038204380',4),(907,'HATHWAY [school;tyre puncture;vegetable vendor; - sector 178]','sector 178','9300544933',4),(908,'HCLTECH [pharmacy; - sector 178]','sector 178','8494497959',4),(909,'HDFCMFGETF [drug store;toy store; - sector 178]','sector 178','7317605052',4),(910,'HERCULES [salon; - sector 178]','sector 178','8128121779',4),(911,'HHOF1140RD [drug store; - sector 178]','sector 178','9171767943',4),(912,'HILTON [dhaba; - sector 178]','sector 178','9701364681',4),(913,'HINDCOMPOS [play school;bike repair;grocer; - sector 178]','sector 178','8597752945',4),(914,'HISARMETAL [toy store;drug store; - sector 178]','sector 178','9214248392',4),(915,'HOVS [beauty palour; - sector 178]','sector 178','7982275796',4),(916,'HUBTOWN [book seller; - sector 178]','sector 178','7176842307',4),(917,'IBULHSGFIN [vegetable vendor; - sector 178]','sector 178','8887518034',4),(918,'IBVENTURES [beauty palour;toy store;grocer; - sector 178]','sector 178','7174897019',4),(919,'ICEMAKE [salon;dhaba; - sector 178]','sector 178','7527993305',4),(920,'ICICIGOLD [bike repair;salon; - sector 178]','sector 178','7492234670',4),(921,'ICICISENSX [drug store; - sector 178]','sector 178','9438770531',4),(922,'IDBI [toy store;grocer; - sector 178]','sector 178','9224510394',4),(923,'IDFCBANK [gym; - sector 178]','sector 178','9354232629',4),(924,'IDFCBANK [beauty palour; - sector 178]','sector 178','9339938232',4),(925,'IDFCBANK [tyre puncture; - sector 178]','sector 178','8499472895',4),(926,'IFBAGRO [dhaba; - sector 178]','sector 178','9359140030',4),(927,'IGPL [salon;tyre puncture;gym; - sector 178]','sector 178','9282049583',4),(928,'IL&FSTRANS [book seller;school; - sector 178]','sector 178','8571563020',4),(929,'INDIACEM [bike repair;tyre puncture; - sector 178]','sector 178','7091454755',4),(930,'INDOCO [pharmacy; - sector 178]','sector 178','7670063509',4),(931,'INDOTECH [drug store;dhaba;toy store; - sector 178]','sector 178','8501293759',4),(932,'INDSWFTLTD [gym; - sector 178]','sector 178','8960465826',4),(933,'INDTERRAIN [salon;toy store; - sector 178]','sector 178','8921468566',4),(934,'INEOSSTYRO [beauty palour;school; - sector 178]','sector 178','7732749004',4),(935,'INFINITE [play school; - sector 178]','sector 178','8241756723',4),(936,'INFRATEL [toy store; - sector 178]','sector 178','9444334123',4),(937,'INSECTICID [bike repair; - sector 178]','sector 178','9322024692',4),(938,'INTENTECH [dhaba; - sector 178]','sector 178','7185209545',4),(939,'IPAPPM [play school; - sector 178]','sector 178','8842536812',4),(940,'IRFC [book seller;tyre puncture;grocer; - sector 178]','sector 178','9201598728',4),(941,'IRFC [play school;beauty palour;vegetable vendor; - sector 178]','sector 178','8024940464',4),(942,'ITI [salon;book seller;vegetable vendor; - sector 178]','sector 178','9152704016',4),(943,'IZMO [toy store;tyre puncture; - sector 178]','sector 178','9532541754',4),(944,'JAMNAAUTO [book seller;dhaba; - sector 178]','sector 178','8324692627',4),(945,'JBMA [beauty palour; - sector 178]','sector 178','9397218773',4),(946,'JETAIRWAYS [dhaba;drug store;gym; - sector 178]','sector 178','8550203174',4),(947,'JHS [gym; - sector 178]','sector 178','9378520076',4),(948,'JINDALPHOT [drug store; - sector 178]','sector 178','7587716228',4),(949,'JINDWORLD [bike repair;grocer; - sector 178]','sector 178','8065735144',4),(950,'JMCPROJECT [beauty palour;bike repair;book seller; - sector 178]','sector 178','7018278820',4),(951,'JPOLYINVST [vegetable vendor; - sector 178]','sector 178','7799950504',4),(952,'JPPOWER [salon;play school;book seller; - sector 178]','sector 178','8067538800',4),(953,'JTEKTINDIA [salon;vegetable vendor; - sector 178]','sector 178','8742678796',4),(954,'JYOTHYLAB [school; - sector 178]','sector 178','8916463432',4);
/*!40000 ALTER TABLE `establishment` ENABLE KEYS */;
UNLOCK TABLES;
/*!40103 SET TIME_ZONE=@OLD_TIME_ZONE */;

/*!40101 SET SQL_MODE=@OLD_SQL_MODE */;
/*!40014 SET FOREIGN_KEY_CHECKS=@OLD_FOREIGN_KEY_CHECKS */;
/*!40014 SET UNIQUE_CHECKS=@OLD_UNIQUE_CHECKS */;
/*!40101 SET CHARACTER_SET_CLIENT=@OLD_CHARACTER_SET_CLIENT */;
/*!40101 SET CHARACTER_SET_RESULTS=@OLD_CHARACTER_SET_RESULTS */;
/*!40101 SET COLLATION_CONNECTION=@OLD_COLLATION_CONNECTION */;
/*!40111 SET SQL_NOTES=@OLD_SQL_NOTES */;

-- Dump completed on 2019-04-06 13:48:00
